start,end,isFinished
20220704,20220705,True
20220702,20220703,True
20220630,20220701,True
20220628,20220629,True
20220626,20220627,True
20220624,20220625,True
20220622,20220623,True
20220620,20220621,True
20220618,20220619,True
20220616,20220617,True
20220614,20220615,True
20220612,20220613,True
20220610,20220611,True
20220608,20220609,True
20220606,20220607,True
20220604,20220605,True
20220602,20220603,True
20220531,20220601,True
20220529,20220530,True
20220527,20220528,True
20220525,20220526,True
20220523,20220524,True
20220521,20220522,True
20220519,20220520,True
20220517,20220518,True
20220515,20220516,True
20220513,20220514,True
20220511,20220512,True
20220509,20220510,True
20220507,20220508,True
20220505,20220506,True
20220503,20220504,True
20220501,20220502,True
20220429,20220430,True
20220427,20220428,True
20220425,20220426,True
20220423,20220424,True
20220421,20220422,True
20220419,20220420,True
20220417,20220418,True
20220415,20220416,True
20220413,20220414,True
20220411,20220412,True
20220409,20220410,True
20220407,20220408,True
20220405,20220406,True
20220403,20220404,True
20220401,20220402,True
20220330,20220331,True
20220328,20220329,True
20220326,20220327,True
20220324,20220325,True
20220322,20220323,True
20220320,20220321,True
20220318,20220319,True
20220316,20220317,True
20220314,20220315,True
20220312,20220313,True
20220310,20220311,True
20220308,20220309,True
20220306,20220307,True
20220304,20220305,True
20220302,20220303,True
20220228,20220301,True
20220226,20220227,True
20220224,20220225,True
20220222,20220223,True
20220220,20220221,True
20220218,20220219,True
20220216,20220217,True
20220214,20220215,True
20220212,20220213,True
20220210,20220211,True
20220208,20220209,True
20220206,20220207,True
20220204,20220205,True
20220202,20220203,True
20220131,20220201,True
20220129,20220130,True
20220127,20220128,True
20220125,20220126,True
20220123,20220124,True
20220121,20220122,True
20220119,20220120,True
20220117,20220118,True
20220115,20220116,True
20220113,20220114,True
20220111,20220112,True
20220109,20220110,True
20220107,20220108,True
20220105,20220106,True
20220103,20220104,True
20220101,20220102,True
20211230,20211231,True
20211228,20211229,True
20211226,20211227,True
20211224,20211225,True
20211222,20211223,True
20211220,20211221,True
20211218,20211219,True
20211216,20211217,True
20211214,20211215,True
20211212,20211213,True
20211210,20211211,True
20211208,20211209,True
20211206,20211207,True
20211204,20211205,True
20211202,20211203,True
20211130,20211201,True
20211128,20211129,True
20211126,20211127,True
20211124,20211125,True
20211122,20211123,True
20211120,20211121,True
20211118,20211119,True
20211116,20211117,True
20211114,20211115,True
20211112,20211113,True
20211110,20211111,True
20211108,20211109,True
20211106,20211107,True
20211104,20211105,True
20211102,20211103,True
20211031,20211101,True
20211029,20211030,True
20211027,20211028,True
20211025,20211026,True
20211023,20211024,True
20211021,20211022,True
20211019,20211020,True
20211017,20211018,True
20211015,20211016,True
20211013,20211014,True
20211011,20211012,True
20211009,20211010,True
20211007,20211008,True
20211005,20211006,True
20211003,20211004,True
20211001,20211002,True
20210929,20210930,True
20210927,20210928,True
20210925,20210926,True
20210923,20210924,True
20210921,20210922,True
20210919,20210920,True
20210917,20210918,True
20210915,20210916,True
20210913,20210914,True
20210911,20210912,True
20210909,20210910,True
20210907,20210908,True
20210905,20210906,True
20210903,20210904,True
20210901,20210902,True
20210830,20210831,True
20210828,20210829,True
20210826,20210827,True
20210824,20210825,True
20210822,20210823,True
20210820,20210821,True
20210818,20210819,True
20210816,20210817,True
20210814,20210815,True
20210812,20210813,True
20210810,20210811,True
20210808,20210809,True
20210806,20210807,True
20210804,20210805,True
20210802,20210803,True
20210731,20210801,True
20210729,20210730,True
20210727,20210728,True
20210725,20210726,True
20210723,20210724,True
20210721,20210722,True
20210719,20210720,True
20210717,20210718,True
20210715,20210716,True
20210713,20210714,True
20210711,20210712,True
20210709,20210710,True
20210707,20210708,True
20210705,20210706,True
20210703,20210704,True
20210701,20210702,True
20210629,20210630,True
20210627,20210628,True
20210625,20210626,True
20210623,20210624,True
20210621,20210622,True
20210619,20210620,True
20210617,20210618,True
20210615,20210616,True
20210613,20210614,True
20210611,20210612,True
20210609,20210610,True
20210607,20210608,True
20210605,20210606,True
20210603,20210604,True
20210601,20210602,True
20210530,20210531,True
20210528,20210529,True
20210526,20210527,True
20210524,20210525,True
20210522,20210523,True
20210520,20210521,True
20210518,20210519,True
20210516,20210517,True
20210514,20210515,True
20210512,20210513,True
20210510,20210511,True
20210508,20210509,True
20210506,20210507,True
20210504,20210505,True
20210502,20210503,True
20210430,20210501,True
20210428,20210429,True
20210426,20210427,True
20210424,20210425,True
20210422,20210423,True
20210420,20210421,True
20210418,20210419,True
20210416,20210417,True
20210414,20210415,True
20210412,20210413,True
20210410,20210411,True
20210408,20210409,True
20210406,20210407,True
20210404,20210405,True
20210402,20210403,True
20210331,20210401,True
20210329,20210330,True
20210327,20210328,True
20210325,20210326,True
20210323,20210324,True
20210321,20210322,True
20210319,20210320,True
20210317,20210318,True
20210315,20210316,True
20210313,20210314,True
20210311,20210312,True
20210309,20210310,True
20210307,20210308,True
20210305,20210306,True
20210303,20210304,True
20210301,20210302,True
20210227,20210228,True
20210225,20210226,True
20210223,20210224,True
20210221,20210222,True
20210219,20210220,True
20210217,20210218,True
20210215,20210216,True
20210213,20210214,True
20210211,20210212,True
20210209,20210210,True
20210207,20210208,True
20210205,20210206,True
20210203,20210204,True
20210201,20210202,True
20210130,20210131,True
20210128,20210129,True
20210126,20210127,True
20210124,20210125,True
20210122,20210123,True
20210120,20210121,True
20210118,20210119,True
20210116,20210117,True
20210114,20210115,True
20210112,20210113,True
20210110,20210111,True
20210108,20210109,True
20210106,20210107,True
20210104,20210105,True
20210102,20210103,True
20201231,20210101,True
20201229,20201230,True
20201227,20201228,True
20201225,20201226,True
20201223,20201224,True
20201221,20201222,True
20201219,20201220,True
20201217,20201218,True
20201215,20201216,True
20201213,20201214,True
20201211,20201212,True
20201209,20201210,True
20201207,20201208,True
20201205,20201206,True
20201203,20201204,True
20201201,20201202,True
20201129,20201130,True
20201127,20201128,True
20201125,20201126,True
20201123,20201124,True
20201121,20201122,True
20201119,20201120,True
20201117,20201118,True
20201115,20201116,True
20201113,20201114,True
20201111,20201112,True
20201109,20201110,True
20201107,20201108,True
20201105,20201106,True
20201103,20201104,True
20201101,20201102,True
20201030,20201031,True
20201028,20201029,True
20201026,20201027,True
20201024,20201025,True
20201022,20201023,True
20201020,20201021,True
20201018,20201019,True
20201016,20201017,True
20201014,20201015,True
20201012,20201013,True
20201010,20201011,True
20201008,20201009,True
20201006,20201007,True
20201004,20201005,True
20201002,20201003,True
20200930,20201001,True
20200928,20200929,True
20200926,20200927,True
20200924,20200925,True
20200922,20200923,True
20200920,20200921,True
20200918,20200919,True
20200916,20200917,True
20200914,20200915,True
20200912,20200913,True
20200910,20200911,True
20200908,20200909,True
20200906,20200907,True
20200904,20200905,True
20200902,20200903,True
20200831,20200901,True
20200829,20200830,True
20200827,20200828,True
20200825,20200826,True
20200823,20200824,True
20200821,20200822,True
20200819,20200820,True
20200817,20200818,True
20200815,20200816,True
20200813,20200814,True
20200811,20200812,True
20200809,20200810,True
20200807,20200808,True
20200805,20200806,True
20200803,20200804,True
20200801,20200802,True
20200730,20200731,True
20200728,20200729,True
20200726,20200727,True
20200724,20200725,True
20200722,20200723,True
20200720,20200721,True
20200718,20200719,True
20200716,20200717,True
20200714,20200715,True
20200712,20200713,True
20200710,20200711,True
20200708,20200709,True
20200706,20200707,True
20200704,20200705,True
20200702,20200703,True
20200630,20200701,True
20200628,20200629,True
20200626,20200627,True
20200624,20200625,True
20200622,20200623,True
20200620,20200621,True
20200618,20200619,True
20200616,20200617,True
20200614,20200615,True
20200612,20200613,True
20200610,20200611,True
20200608,20200609,True
20200606,20200607,True
20200604,20200605,True
20200602,20200603,True
20200531,20200601,True
20200529,20200530,True
20200527,20200528,True
20200525,20200526,True
20200523,20200524,True
20200521,20200522,True
20200519,20200520,True
20200517,20200518,True
20200515,20200516,True
20200513,20200514,True
20200511,20200512,True
20200509,20200510,True
20200507,20200508,True
20200505,20200506,True
20200503,20200504,True
20200501,20200502,True
20200429,20200430,True
20200427,20200428,True
20200425,20200426,True
20200423,20200424,True
20200421,20200422,True
20200419,20200420,True
20200417,20200418,True
20200415,20200416,True
20200413,20200414,True
20200411,20200412,True
20200409,20200410,True
20200407,20200408,True
20200405,20200406,True
20200403,20200404,True
20200401,20200401,False
20200402,20200402,False
20200330,20200331,False
20200328,20200329,False
20200326,20200327,False
20200324,20200325,False
20200322,20200323,False
20200320,20200321,False
20200318,20200319,False
20200316,20200317,False
20200314,20200315,False
20200312,20200313,False
20200310,20200311,False
20200308,20200309,False
20200306,20200307,False
20200304,20200305,False
20200302,20200303,False
20200229,20200301,False
20200227,20200228,False
20200225,20200226,False
20200223,20200224,False
20200221,20200222,False
20200219,20200220,False
20200217,20200218,False
20200215,20200216,False
20200213,20200214,False
20200211,20200212,False
20200209,20200210,False
20200207,20200208,False
20200205,20200206,False
20200203,20200204,False
20200201,20200202,False
20200130,20200131,False
20200128,20200129,False
20200126,20200127,False
20200124,20200125,False
20200122,20200123,False
20200120,20200121,False
20200118,20200119,False
20200116,20200117,False
20200114,20200115,False
20200112,20200113,False
20200110,20200111,False
20200108,20200109,False
20200106,20200107,False
20200104,20200105,False
20200102,20200103,False
20191231,20200101,False
20191229,20191230,False
20191227,20191228,False
20191225,20191226,False
20191223,20191224,False
20191221,20191222,False
20191219,20191220,False
20191217,20191218,False
20191215,20191216,False
20191213,20191214,False
20191211,20191212,False
20191209,20191210,False
20191207,20191208,False
20191205,20191206,False
20191203,20191204,False
20191201,20191202,False
20191129,20191130,False
20191127,20191128,False
20191125,20191126,False
20191123,20191124,False
20191121,20191122,False
20191119,20191120,False
20191117,20191118,False
20191115,20191116,False
20191113,20191114,False
20191111,20191112,False
20191109,20191110,False
20191107,20191108,False
20191105,20191106,False
20191103,20191104,False
20191101,20191102,False
20191030,20191031,False
20191028,20191029,False
20191026,20191027,False
20191024,20191025,False
20191022,20191023,False
20191020,20191021,False
20191018,20191019,False
20191016,20191017,False
20191014,20191015,False
20191012,20191013,False
20191010,20191011,False
20191008,20191009,False
20191006,20191007,False
20191004,20191005,False
20191002,20191003,False
20190930,20191001,False
20190928,20190929,False
20190926,20190927,False
20190924,20190925,False
20190922,20190923,False
20190920,20190921,False
20190918,20190919,False
20190916,20190917,False
20190914,20190915,False
20190912,20190913,False
20190910,20190911,False
20190908,20190909,False
20190906,20190907,False
20190904,20190905,False
20190902,20190903,False
20190831,20190901,False
20190829,20190830,False
20190827,20190828,False
20190825,20190826,False
20190823,20190824,False
20190821,20190822,False
20190819,20190820,False
20190817,20190818,False
20190815,20190816,False
20190813,20190814,False
20190811,20190812,False
20190809,20190810,False
20190807,20190808,False
20190805,20190806,False
20190803,20190804,False
20190801,20190802,False
20190730,20190731,False
20190728,20190729,False
20190726,20190727,False
20190724,20190725,False
20190722,20190723,False
20190720,20190721,False
20190718,20190719,False
20190716,20190717,False
20190714,20190715,False
20190712,20190713,False
20190710,20190711,False
20190708,20190709,False
20190706,20190707,False
20190704,20190705,False
20190702,20190703,False
20190630,20190701,False
20190628,20190629,False
20190626,20190627,False
20190624,20190625,False
20190622,20190623,False
20190620,20190621,False
20190618,20190619,False
20190616,20190617,False
20190614,20190615,False
20190612,20190613,False
20190610,20190611,False
20190608,20190609,False
20190606,20190607,False
20190604,20190605,False
20190602,20190603,False
20190531,20190601,False
20190529,20190530,False
20190527,20190528,False
20190525,20190526,False
20190523,20190524,False
20190521,20190522,False
20190519,20190520,False
20190517,20190518,False
20190515,20190516,False
20190513,20190514,False
20190511,20190512,False
20190509,20190510,False
20190507,20190508,False
20190505,20190506,False
20190503,20190504,False
20190501,20190502,False
20190429,20190430,False
20190427,20190428,False
20190425,20190426,False
20190423,20190424,False
20190421,20190422,False
20190419,20190420,False
20190417,20190418,False
20190415,20190416,False
20190413,20190414,False
20190411,20190412,False
20190409,20190410,False
20190407,20190408,False
20190405,20190406,False
20190403,20190404,False
20190401,20190402,False
20190330,20190331,False
20190328,20190329,False
20190326,20190327,False
20190324,20190325,False
20190322,20190323,False
20190320,20190321,False
20190318,20190319,False
20190316,20190317,False
20190314,20190315,False
20190312,20190313,False
20190310,20190311,False
20190308,20190309,False
20190306,20190307,False
20190304,20190305,False
20190302,20190303,False
20190228,20190301,False
20190226,20190227,False
20190224,20190225,False
20190222,20190223,False
20190220,20190221,False
20190218,20190219,False
20190216,20190217,False
20190214,20190215,False
20190212,20190213,False
20190210,20190211,False
20190208,20190209,False
20190206,20190207,False
20190204,20190205,False
20190202,20190203,False
20190131,20190201,False
20190129,20190130,False
20190127,20190128,False
20190125,20190126,False
20190123,20190124,False
20190121,20190122,False
20190119,20190120,False
20190117,20190118,False
20190115,20190116,False
20190113,20190114,False
20190111,20190112,False
20190109,20190110,False
20190107,20190108,False
20190105,20190106,False
20190103,20190104,False
20190101,20190102,False
20181230,20181231,False
20181228,20181229,False
20181226,20181227,False
20181224,20181225,False
20181222,20181223,False
20181220,20181221,False
20181218,20181219,False
20181216,20181217,False
20181214,20181215,False
20181212,20181213,False
20181210,20181211,False
20181208,20181209,False
20181206,20181207,False
20181204,20181205,False
20181202,20181203,False
20181130,20181201,False
20181128,20181129,False
20181126,20181127,False
20181124,20181125,False
20181122,20181123,False
20181120,20181121,False
20181118,20181119,False
20181116,20181117,False
20181114,20181115,False
20181112,20181113,False
20181110,20181111,False
20181108,20181109,False
20181106,20181107,False
20181104,20181105,False
20181102,20181103,False
20181031,20181101,False
20181029,20181030,False
20181027,20181028,False
20181025,20181026,False
20181023,20181024,False
20181021,20181022,False
20181019,20181020,False
20181017,20181018,False
20181015,20181016,False
20181013,20181014,False
20181011,20181012,False
20181009,20181010,False
20181007,20181008,False
20181005,20181006,False
20181003,20181004,False
20181001,20181002,False
20180929,20180930,False
20180927,20180928,False
20180925,20180926,False
20180923,20180924,False
20180921,20180922,False
20180919,20180920,False
20180917,20180918,False
20180915,20180916,False
20180913,20180914,False
20180911,20180912,False
20180909,20180910,False
20180907,20180908,False
20180905,20180906,False
20180903,20180904,False
20180901,20180902,False
20180830,20180831,False
20180828,20180829,False
20180826,20180827,False
20180824,20180825,False
20180822,20180823,False
20180820,20180821,False
20180818,20180819,False
20180816,20180817,False
20180814,20180815,False
20180812,20180813,False
20180810,20180811,False
20180808,20180809,False
20180806,20180807,False
20180804,20180805,False
20180802,20180803,False
20180731,20180801,False
20180729,20180730,False
20180727,20180728,False
20180725,20180726,False
20180723,20180724,False
20180721,20180722,False
20180719,20180720,False
20180717,20180718,False
20180715,20180716,False
20180713,20180714,False
20180711,20180712,False
20180709,20180710,False
20180707,20180708,False
20180705,20180706,False
20180703,20180704,False
20180701,20180702,False
20180629,20180630,False
20180627,20180628,False
20180625,20180626,False
20180623,20180624,False
20180621,20180622,False
20180619,20180620,False
20180617,20180618,False
20180615,20180616,False
20180613,20180614,False
20180611,20180612,False
20180609,20180610,False
20180607,20180608,False
20180605,20180606,False
20180603,20180604,False
20180601,20180602,False
20180530,20180531,False
20180528,20180529,False
20180526,20180527,False
20180524,20180525,False
20180522,20180523,False
20180520,20180521,False
20180518,20180519,False
20180516,20180517,False
20180514,20180515,False
20180512,20180513,False
20180510,20180511,False
20180508,20180509,False
20180506,20180507,False
20180504,20180505,False
20180502,20180503,False
20180430,20180501,False
20180428,20180429,False
20180426,20180427,False
20180424,20180425,False
20180422,20180423,False
20180420,20180421,False
20180418,20180419,False
20180416,20180417,False
20180414,20180415,False
20180412,20180413,False
20180410,20180411,False
20180408,20180409,False
20180406,20180407,False
20180404,20180405,False
20180402,20180403,False
20180331,20180401,False
20180329,20180330,False
20180327,20180328,False
20180325,20180326,False
20180323,20180324,False
20180321,20180322,False
20180319,20180320,False
20180317,20180318,False
20180315,20180316,False
20180313,20180314,False
20180311,20180312,False
20180309,20180310,False
20180307,20180308,False
20180305,20180306,False
20180303,20180304,False
20180301,20180302,False
20180227,20180228,False
20180225,20180226,False
20180223,20180224,False
20180221,20180222,False
20180219,20180220,False
20180217,20180218,False
20180215,20180216,False
20180213,20180214,False
20180211,20180212,False
20180209,20180210,False
20180207,20180208,False
20180205,20180206,False
20180203,20180204,False
20180201,20180202,False
20180130,20180131,False
20180128,20180129,False
20180126,20180127,False
20180124,20180125,False
20180122,20180123,False
20180120,20180121,False
20180118,20180119,False
20180116,20180117,False
20180114,20180115,False
20180112,20180113,False
20180110,20180111,False
20180108,20180109,False
20180106,20180107,False
20180104,20180105,False
20180102,20180103,False
20171231,20180101,False
20171229,20171230,False
20171227,20171228,False
20171225,20171226,False
20171223,20171224,False
20171221,20171222,False
20171219,20171220,False
20171217,20171218,False
20171215,20171216,False
20171213,20171214,False
20171211,20171212,False
20171209,20171210,False
20171207,20171208,False
20171205,20171206,False
20171203,20171204,False
20171201,20171202,False
20171129,20171130,False
20171127,20171128,False
20171125,20171126,False
20171123,20171124,False
20171121,20171122,False
20171119,20171120,False
20171117,20171118,False
20171115,20171116,False
20171113,20171114,False
20171111,20171112,False
20171109,20171110,False
20171107,20171108,False
20171105,20171106,False
20171103,20171104,False
20171101,20171102,False
20171030,20171031,False
20171028,20171029,False
20171026,20171027,False
20171024,20171025,False
20171022,20171023,False
20171020,20171021,False
20171018,20171019,False
20171016,20171017,False
20171014,20171015,False
20171012,20171013,False
20171010,20171011,False
20171008,20171009,False
20171006,20171007,False
20171004,20171005,False
20171002,20171003,False
20170930,20171001,False
20170928,20170929,False
20170926,20170927,False
20170924,20170925,False
20170922,20170923,False
20170920,20170921,False
20170918,20170919,False
20170916,20170917,False
20170914,20170915,False
20170912,20170913,False
20170910,20170911,False
20170908,20170909,False
20170906,20170907,False
20170904,20170905,False
20170902,20170903,False
20170831,20170901,False
20170829,20170830,False
20170827,20170828,False
20170825,20170826,False
20170823,20170824,False
20170821,20170822,False
20170819,20170820,False
20170817,20170818,False
20170815,20170816,False
20170813,20170814,False
20170811,20170812,False
20170809,20170810,False
20170807,20170808,False
20170805,20170806,False
20170803,20170804,False
20170801,20170802,False
20170730,20170731,False
20170728,20170729,False
20170726,20170727,False
20170724,20170725,False
20170722,20170723,False
20170720,20170721,False
20170718,20170719,False
20170716,20170717,False
20170714,20170715,False
20170712,20170713,False
20170710,20170711,False
20170708,20170709,False
20170706,20170707,False
20170704,20170705,False
20170702,20170703,False
20170630,20170701,False
20170628,20170629,False
20170626,20170627,False
20170624,20170625,False
20170622,20170623,False
20170620,20170621,False
20170618,20170619,False
20170616,20170617,False
20170614,20170615,False
20170612,20170613,False
20170610,20170611,False
20170608,20170609,False
20170606,20170607,False
20170604,20170605,False
20170602,20170603,False
20170531,20170601,False
20170529,20170530,False
20170527,20170528,False
20170525,20170526,False
20170523,20170524,False
20170521,20170522,False
20170519,20170520,False
20170517,20170518,False
20170515,20170516,False
20170513,20170514,False
20170511,20170512,False
20170509,20170510,False
20170507,20170508,False
20170505,20170506,False
20170503,20170504,False
20170501,20170502,False
20170429,20170430,False
20170427,20170428,False
20170425,20170426,False
20170423,20170424,False
20170421,20170422,False
20170419,20170420,False
20170417,20170418,False
20170415,20170416,False
20170413,20170414,False
20170411,20170412,False
20170409,20170410,False
20170407,20170408,False
20170405,20170406,False
20170403,20170404,False
20170401,20170402,False
20170330,20170331,False
20170328,20170329,False
20170326,20170327,False
20170324,20170325,False
20170322,20170323,False
20170320,20170321,False
20170318,20170319,False
20170316,20170317,False
20170314,20170315,False
20170312,20170313,False
20170310,20170311,False
20170308,20170309,False
20170306,20170307,False
20170304,20170305,False
20170302,20170303,False
20170228,20170301,False
20170226,20170227,False
20170224,20170225,False
20170222,20170223,False
20170220,20170221,False
20170218,20170219,False
20170216,20170217,False
20170214,20170215,False
20170212,20170213,False
20170210,20170211,False
20170208,20170209,False
20170206,20170207,False
20170204,20170205,False
20170202,20170203,False
20170131,20170201,False
20170129,20170130,False
20170127,20170128,False
20170125,20170126,False
20170123,20170124,False
20170121,20170122,False
20170119,20170120,False
20170117,20170118,False
20170115,20170116,False
20170113,20170114,False
20170111,20170112,False
20170109,20170110,False
20170107,20170108,False
20170105,20170106,False
20170103,20170104,False
20170101,20170102,False
20161230,20161231,False
20161228,20161229,False
20161226,20161227,False
20161224,20161225,False
20161222,20161223,False
20161220,20161221,False
20161218,20161219,False
20161216,20161217,False
20161214,20161215,False
20161212,20161213,False
20161210,20161211,False
20161208,20161209,False
20161206,20161207,False
20161204,20161205,False
20161202,20161203,False
20161130,20161201,False
20161128,20161129,False
20161126,20161127,False
20161124,20161125,False
20161122,20161123,False
20161120,20161121,False
20161118,20161119,False
20161116,20161117,False
20161114,20161115,False
20161112,20161113,False
20161110,20161111,False
20161108,20161109,False
20161106,20161107,False
20161104,20161105,False
20161102,20161103,False
20161031,20161101,False
20161029,20161030,False
20161027,20161028,False
20161025,20161026,False
20161023,20161024,False
20161021,20161022,False
20161019,20161020,False
20161017,20161018,False
20161015,20161016,False
20161013,20161014,False
20161011,20161012,False
20161009,20161010,False
20161007,20161008,False
20161005,20161006,False
20161003,20161004,False
20161001,20161002,False
20160929,20160930,False
20160927,20160928,False
20160925,20160926,False
20160923,20160924,False
20160921,20160922,False
20160919,20160920,False
20160917,20160918,False
20160915,20160916,False
20160913,20160914,False
20160911,20160912,False
20160909,20160910,False
20160907,20160908,False
20160905,20160906,False
20160903,20160904,False
20160901,20160902,False
20160830,20160831,False
20160828,20160829,False
20160826,20160827,False
20160824,20160825,False
20160822,20160823,False
20160820,20160821,False
20160818,20160819,False
20160816,20160817,False
20160814,20160815,False
20160812,20160813,False
20160810,20160811,False
20160808,20160809,False
20160806,20160807,False
20160804,20160805,False
20160802,20160803,False
20160731,20160801,False
20160729,20160730,False
20160727,20160728,False
20160725,20160726,False
20160723,20160724,False
20160721,20160722,False
20160719,20160720,False
20160717,20160718,False
20160715,20160716,False
20160713,20160714,False
20160711,20160712,False
20160709,20160710,False
20160707,20160708,False
20160705,20160706,False
20160703,20160704,False
20160701,20160702,False
20160629,20160630,False
20160627,20160628,False
20160625,20160626,False
20160623,20160624,False
20160621,20160622,False
20160619,20160620,False
20160617,20160618,False
20160615,20160616,False
20160613,20160614,False
20160611,20160612,False
20160609,20160610,False
20160607,20160608,False
20160605,20160606,False
20160603,20160604,False
20160601,20160602,False
20160530,20160531,False
20160528,20160529,False
20160526,20160527,False
20160524,20160525,False
20160522,20160523,False
20160520,20160521,False
20160518,20160519,False
20160516,20160517,False
20160514,20160515,False
20160512,20160513,False
20160510,20160511,False
20160508,20160509,False
20160506,20160507,False
20160504,20160505,False
20160502,20160503,False
20160430,20160501,False
20160428,20160429,False
20160426,20160427,False
20160424,20160425,False
20160422,20160423,False
20160420,20160421,False
20160418,20160419,False
20160416,20160417,False
20160414,20160415,False
20160412,20160413,False
20160410,20160411,False
20160408,20160409,False
20160406,20160407,False
20160404,20160405,False
20160402,20160403,False
20160331,20160401,False
20160329,20160330,False
20160327,20160328,False
20160325,20160326,False
20160323,20160324,False
20160321,20160322,False
20160319,20160320,False
20160317,20160318,False
20160315,20160316,False
20160313,20160314,False
20160311,20160312,False
20160309,20160310,False
20160307,20160308,False
20160305,20160306,False
20160303,20160304,False
20160301,20160302,False
20160228,20160229,False
20160226,20160227,False
20160224,20160225,False
20160222,20160223,False
20160220,20160221,False
20160218,20160219,False
20160216,20160217,False
20160214,20160215,False
20160212,20160213,False
20160210,20160211,False
20160208,20160209,False
20160206,20160207,False
20160204,20160205,False
20160202,20160203,False
20160131,20160201,False
20160129,20160130,False
20160127,20160128,False
20160125,20160126,False
20160123,20160124,False
20160121,20160122,False
20160119,20160120,False
20160117,20160118,False
20160115,20160116,False
20160113,20160114,False
20160111,20160112,False
20160109,20160110,False
20160107,20160108,False
20160105,20160106,False
20160103,20160104,False
20160101,20160102,False
20151230,20151231,False
20151228,20151229,False
20151226,20151227,False
20151224,20151225,False
20151222,20151223,False
20151220,20151221,False
20151218,20151219,False
20151216,20151217,False
20151214,20151215,False
20151212,20151213,False
20151210,20151211,False
20151208,20151209,False
20151206,20151207,False
20151204,20151205,False
20151202,20151203,False
20151130,20151201,False
20151128,20151129,False
20151126,20151127,False
20151124,20151125,False
20151122,20151123,False
20151120,20151121,False
20151118,20151119,False
20151116,20151117,False
20151114,20151115,False
20151112,20151113,False
20151110,20151111,False
20151108,20151109,False
20151106,20151107,False
20151104,20151105,False
20151102,20151103,False
20151031,20151101,False
20151029,20151030,False
20151027,20151028,False
20151025,20151026,False
20151023,20151024,False
20151021,20151022,False
20151019,20151020,False
20151017,20151018,False
20151015,20151016,False
20151013,20151014,False
20151011,20151012,False
20151009,20151010,False
20151007,20151008,False
20151005,20151006,False
20151003,20151004,False
20151001,20151002,False
20150929,20150930,False
20150927,20150928,False
20150925,20150926,False
20150923,20150924,False
20150921,20150922,False
20150919,20150920,False
20150917,20150918,False
20150915,20150916,False
20150913,20150914,False
20150911,20150912,False
20150909,20150910,False
20150907,20150908,False
20150905,20150906,False
20150903,20150904,False
20150901,20150902,False
20150830,20150831,False
20150828,20150829,False
20150826,20150827,False
20150824,20150825,False
20150822,20150823,False
20150820,20150821,False
20150818,20150819,False
20150816,20150817,False
20150814,20150815,False
20150812,20150813,False
20150810,20150811,False
20150808,20150809,False
20150806,20150807,False
20150804,20150805,False
20150802,20150803,False
20150731,20150801,False
20150729,20150730,False
20150727,20150728,False
20150725,20150726,False
20150723,20150724,False
20150721,20150722,False
20150719,20150720,False
20150717,20150718,False
20150715,20150716,False
20150713,20150714,False
20150711,20150712,False
20150709,20150710,False
20150707,20150708,False
20150705,20150706,False
20150703,20150704,False
20150701,20150702,False
20150629,20150630,False
20150627,20150628,False
20150625,20150626,False
20150623,20150624,False
20150621,20150622,False
20150619,20150620,False
20150617,20150618,False
20150615,20150616,False
20150613,20150614,False
20150611,20150612,False
20150609,20150610,False
20150607,20150608,False
20150605,20150606,False
20150603,20150604,False
20150601,20150602,False
20150530,20150531,False
20150528,20150529,False
20150526,20150527,False
20150524,20150525,False
20150522,20150523,False
20150520,20150521,False
20150518,20150519,False
20150516,20150517,False
20150514,20150515,False
20150512,20150513,False
20150510,20150511,False
20150508,20150509,False
20150506,20150507,False
20150504,20150505,False
20150502,20150503,False
20150430,20150501,False
20150428,20150429,False
20150426,20150427,False
20150424,20150425,False
20150422,20150423,False
20150420,20150421,False
20150418,20150419,False
20150416,20150417,False
20150414,20150415,False
20150412,20150413,False
20150410,20150411,False
20150408,20150409,False
20150406,20150407,False
20150404,20150405,False
20150402,20150403,False
20150331,20150401,False
20150329,20150330,False
20150327,20150328,False
20150325,20150326,False
20150323,20150324,False
20150321,20150322,False
20150319,20150320,False
20150317,20150318,False
20150315,20150316,False
20150313,20150314,False
20150311,20150312,False
20150309,20150310,False
20150307,20150308,False
20150305,20150306,False
20150303,20150304,False
20150301,20150302,False
20150227,20150228,False
20150225,20150226,False
20150223,20150224,False
20150221,20150222,False
20150219,20150220,False
20150217,20150218,False
20150215,20150216,False
20150213,20150214,False
20150211,20150212,False
20150209,20150210,False
20150207,20150208,False
20150205,20150206,False
20150203,20150204,False
20150201,20150202,False
20150130,20150131,False
20150128,20150129,False
20150126,20150127,False
20150124,20150125,False
20150122,20150123,False
20150120,20150121,False
20150118,20150119,False
20150116,20150117,False
20150114,20150115,False
20150112,20150113,False
20150110,20150111,False
20150108,20150109,False
20150106,20150107,False
20150104,20150105,False
20150102,20150103,False
20141231,20150101,False
20141229,20141230,False
20141227,20141228,False
20141225,20141226,False
20141223,20141224,False
20141221,20141222,False
20141219,20141220,False
20141217,20141218,False
20141215,20141216,False
20141213,20141214,False
20141211,20141212,False
20141209,20141210,False
20141207,20141208,False
20141205,20141206,False
20141203,20141204,False
20141201,20141202,False
20141129,20141130,False
20141127,20141128,False
20141125,20141126,False
20141123,20141124,False
20141121,20141122,False
20141119,20141120,False
20141117,20141118,False
20141115,20141116,False
20141113,20141114,False
20141111,20141112,False
20141109,20141110,False
20141107,20141108,False
20141105,20141106,False
20141103,20141104,False
20141101,20141102,False
20141030,20141031,False
20141028,20141029,False
20141026,20141027,False
20141024,20141025,False
20141022,20141023,False
20141020,20141021,False
20141018,20141019,False
20141016,20141017,False
20141014,20141015,False
20141012,20141013,False
20141010,20141011,False
20141008,20141009,False
20141006,20141007,False
20141004,20141005,False
20141002,20141003,False
20140930,20141001,False
20140928,20140929,False
20140926,20140927,False
20140924,20140925,False
20140922,20140923,False
20140920,20140921,False
20140918,20140919,False
20140916,20140917,False
20140914,20140915,False
20140912,20140913,False
20140910,20140911,False
20140908,20140909,False
20140906,20140907,False
20140904,20140905,False
20140902,20140903,False
20140831,20140901,False
20140829,20140830,False
20140827,20140828,False
20140825,20140826,False
20140823,20140824,False
20140821,20140822,False
20140819,20140820,False
20140817,20140818,False
20140815,20140816,False
20140813,20140814,False
20140811,20140812,False
20140809,20140810,False
20140807,20140808,False
20140805,20140806,False
20140803,20140804,False
20140801,20140802,False
20140730,20140731,False
20140728,20140729,False
20140726,20140727,False
20140724,20140725,False
20140722,20140723,False
20140720,20140721,False
20140718,20140719,False
20140716,20140717,False
20140714,20140715,False
20140712,20140713,False
20140710,20140711,False
20140708,20140709,False
20140706,20140707,False
20140704,20140705,False
20140702,20140703,False
20140630,20140701,False
20140628,20140629,False
20140626,20140627,False
20140624,20140625,False
20140622,20140623,False
20140620,20140621,False
20140618,20140619,False
20140616,20140617,False
20140614,20140615,False
20140612,20140613,False
20140610,20140611,False
20140608,20140609,False
20140606,20140607,False
20140604,20140605,False
20140602,20140603,False
20140531,20140601,False
20140529,20140530,False
20140527,20140528,False
20140525,20140526,False
20140523,20140524,False
20140521,20140522,False
20140519,20140520,False
20140517,20140518,False
20140515,20140516,False
20140513,20140514,False
20140511,20140512,False
20140509,20140510,False
20140507,20140508,False
20140505,20140506,False
20140503,20140504,False
20140501,20140502,False
20140429,20140430,False
20140427,20140428,False
20140425,20140426,False
20140423,20140424,False
20140421,20140422,False
20140419,20140420,False
20140417,20140418,False
20140415,20140416,False
20140413,20140414,False
20140411,20140412,False
20140409,20140410,False
20140407,20140408,False
20140405,20140406,False
20140403,20140404,False
20140401,20140402,False
20140330,20140331,False
20140328,20140329,False
20140326,20140327,False
20140324,20140325,False
20140322,20140323,False
20140320,20140321,False
20140318,20140319,False
20140316,20140317,False
20140314,20140315,False
20140312,20140313,False
20140310,20140311,False
20140308,20140309,False
20140306,20140307,False
20140304,20140305,False
20140302,20140303,False
20140228,20140301,False
20140226,20140227,False
20140224,20140225,False
20140222,20140223,False
20140220,20140221,False
20140218,20140219,False
20140216,20140217,False
20140214,20140215,False
20140212,20140213,False
20140210,20140211,False
20140208,20140209,False
20140206,20140207,False
20140204,20140205,False
20140202,20140203,False
20140131,20140201,False
20140129,20140130,False
20140127,20140128,False
20140125,20140126,False
20140123,20140124,False
20140121,20140122,False
20140119,20140120,False
20140117,20140118,False
20140115,20140116,False
20140113,20140114,False
20140111,20140112,False
20140109,20140110,False
20140107,20140108,False
20140105,20140106,False
20140103,20140104,False
20140101,20140102,False
20131230,20131231,False
20131228,20131229,False
20131226,20131227,False
20131224,20131225,False
20131222,20131223,False
20131220,20131221,False
20131218,20131219,False
20131216,20131217,False
20131214,20131215,False
20131212,20131213,False
20131210,20131211,False
20131208,20131209,False
20131206,20131207,False
20131204,20131205,False
20131202,20131203,False
20131130,20131201,False
20131128,20131129,False
20131126,20131127,False
20131124,20131125,False
20131122,20131123,False
20131120,20131121,False
20131118,20131119,False
20131116,20131117,False
20131114,20131115,False
20131112,20131113,False
20131110,20131111,False
20131108,20131109,False
20131106,20131107,False
20131104,20131105,False
20131102,20131103,False
20131031,20131101,False
20131029,20131030,False
20131027,20131028,False
20131025,20131026,False
20131023,20131024,False
20131021,20131022,False
20131019,20131020,False
20131017,20131018,False
20131015,20131016,False
20131013,20131014,False
20131011,20131012,False
20131009,20131010,False
20131007,20131008,False
20131005,20131006,False
20131003,20131004,False
20131001,20131002,False
20130929,20130930,False
20130927,20130928,False
20130925,20130926,False
20130923,20130924,False
20130921,20130922,False
20130919,20130920,False
20130917,20130918,False
20130915,20130916,False
20130913,20130914,False
20130911,20130912,False
20130909,20130910,False
20130907,20130908,False
20130905,20130906,False
20130903,20130904,False
20130901,20130902,False
20130830,20130831,False
20130828,20130829,False
20130826,20130827,False
20130824,20130825,False
20130822,20130823,False
20130820,20130821,False
20130818,20130819,False
20130816,20130817,False
20130814,20130815,False
20130812,20130813,False
20130810,20130811,False
20130808,20130809,False
20130806,20130807,False
20130804,20130805,False
20130802,20130803,False
20130731,20130801,False
20130729,20130730,False
20130727,20130728,False
20130725,20130726,False
20130723,20130724,False
20130721,20130722,False
20130719,20130720,False
20130717,20130718,False
20130715,20130716,False
20130713,20130714,False
20130711,20130712,False
20130709,20130710,False
20130707,20130708,False
20130705,20130706,False
20130703,20130704,False
20130701,20130702,False
20130629,20130630,False
20130627,20130628,False
20130625,20130626,False
20130623,20130624,False
20130621,20130622,False
20130619,20130620,False
20130617,20130618,False
20130615,20130616,False
20130613,20130614,False
20130611,20130612,False
20130609,20130610,False
20130607,20130608,False
20130605,20130606,False
20130603,20130604,False
20130601,20130602,False
20130530,20130531,False
20130528,20130529,False
20130526,20130527,False
20130524,20130525,False
20130522,20130523,False
20130520,20130521,False
20130518,20130519,False
20130516,20130517,False
20130514,20130515,False
20130512,20130513,False
20130510,20130511,False
20130508,20130509,False
20130506,20130507,False
20130504,20130505,False
20130502,20130503,False
20130430,20130501,False
20130428,20130429,False
20130426,20130427,False
20130424,20130425,False
20130422,20130423,False
20130420,20130421,False
20130418,20130419,False
20130416,20130417,False
20130414,20130415,False
20130412,20130413,False
20130410,20130411,False
20130408,20130409,False
20130406,20130407,False
20130404,20130405,False
20130402,20130403,False
20130331,20130401,False
20130329,20130330,False
20130327,20130328,False
20130325,20130326,False
20130323,20130324,False
20130321,20130322,False
20130319,20130320,False
20130317,20130318,False
20130315,20130316,False
20130313,20130314,False
20130311,20130312,False
20130309,20130310,False
20130307,20130308,False
20130305,20130306,False
20130303,20130304,False
20130301,20130302,False
20130227,20130228,False
20130225,20130226,False
20130223,20130224,False
20130221,20130222,False
20130219,20130220,False
20130217,20130218,False
20130215,20130216,False
20130213,20130214,False
20130211,20130212,False
20130209,20130210,False
20130207,20130208,False
20130205,20130206,False
20130203,20130204,False
20130201,20130202,False
20130130,20130131,False
20130128,20130129,False
20130126,20130127,False
20130124,20130125,False
20130122,20130123,False
20130120,20130121,False
20130118,20130119,False
20130116,20130117,False
20130114,20130115,False
20130112,20130113,False
20130110,20130111,False
20130108,20130109,False
20130106,20130107,False
20130104,20130105,False
20130102,20130103,False
20121231,20130101,False
20121229,20121230,False
20121227,20121228,False
20121225,20121226,False
20121223,20121224,False
20121221,20121222,False
20121219,20121220,False
20121217,20121218,False
20121215,20121216,False
20121213,20121214,False
20121211,20121212,False
20121209,20121210,False
20121207,20121208,False
20121205,20121206,False
20121203,20121204,False
20121201,20121202,False
20121129,20121130,False
20121127,20121128,False
20121125,20121126,False
20121123,20121124,False
20121121,20121122,False
20121119,20121120,False
20121117,20121118,False
20121115,20121116,False
20121113,20121114,False
20121111,20121112,False
20121109,20121110,False
20121107,20121108,False
20121105,20121106,False
20121103,20121104,False
20121101,20121102,False
20121030,20121031,False
20121028,20121029,False
20121026,20121027,False
20121024,20121025,False
20121022,20121023,False
20121020,20121021,False
20121018,20121019,False
20121016,20121017,False
20121014,20121015,False
20121012,20121013,False
20121010,20121011,False
20121008,20121009,False
20121006,20121007,False
20121004,20121005,False
20121002,20121003,False
20120930,20121001,False
20120928,20120929,False
20120926,20120927,False
20120924,20120925,False
20120922,20120923,False
20120920,20120921,False
20120918,20120919,False
20120916,20120917,False
20120914,20120915,False
20120912,20120913,False
20120910,20120911,False
20120908,20120909,False
20120906,20120907,False
20120904,20120905,False
20120902,20120903,False
20120831,20120901,False
20120829,20120830,False
20120827,20120828,False
20120825,20120826,False
20120823,20120824,False
20120821,20120822,False
20120819,20120820,False
20120817,20120818,False
20120815,20120816,False
20120813,20120814,False
20120811,20120812,False
20120809,20120810,False
20120807,20120808,False
20120805,20120806,False
20120803,20120804,False
20120801,20120802,False
20120730,20120731,False
20120728,20120729,False
20120726,20120727,False
20120724,20120725,False
20120722,20120723,False
20120720,20120721,False
20120718,20120719,False
20120716,20120717,False
20120714,20120715,False
20120712,20120713,False
20120710,20120711,False
20120708,20120709,False
20120706,20120707,False
20120704,20120705,False
20120702,20120703,False
20120630,20120701,False
20120628,20120629,False
20120626,20120627,False
20120624,20120625,False
20120622,20120623,False
20120620,20120621,False
20120618,20120619,False
20120616,20120617,False
20120614,20120615,False
20120612,20120613,False
20120610,20120611,False
20120608,20120609,False
20120606,20120607,False
20120604,20120605,False
20120602,20120603,False
20120531,20120601,False
20120529,20120530,False
20120527,20120528,False
20120525,20120526,False
20120523,20120524,False
20120521,20120522,False
20120519,20120520,False
20120517,20120518,False
20120515,20120516,False
20120513,20120514,False
20120511,20120512,False
20120509,20120510,False
20120507,20120508,False
20120505,20120506,False
20120503,20120504,False
20120501,20120502,False
20120429,20120430,False
20120427,20120428,False
20120425,20120426,False
20120423,20120424,False
20120421,20120422,False
20120419,20120420,False
20120417,20120418,False
20120415,20120416,False
20120413,20120414,False
20120411,20120412,False
20120409,20120410,False
20120407,20120408,False
20120405,20120406,False
20120403,20120404,False
20120401,20120402,False
20120330,20120331,False
20120328,20120329,False
20120326,20120327,False
20120324,20120325,False
20120322,20120323,False
20120320,20120321,False
20120318,20120319,False
20120316,20120317,False
20120314,20120315,False
20120312,20120313,False
20120310,20120311,False
20120308,20120309,False
20120306,20120307,False
20120304,20120305,False
20120302,20120303,False
20120229,20120301,False
20120227,20120228,False
20120225,20120226,False
20120223,20120224,False
20120221,20120222,False
20120219,20120220,False
20120217,20120218,False
20120215,20120216,False
20120213,20120214,False
20120211,20120212,False
20120209,20120210,False
20120207,20120208,False
20120205,20120206,False
20120203,20120204,False
20120201,20120202,False
20120130,20120131,False
20120128,20120129,False
20120126,20120127,False
20120124,20120125,False
20120122,20120123,False
20120120,20120121,False
20120118,20120119,False
20120116,20120117,False
20120114,20120115,False
20120112,20120113,False
20120110,20120111,False
20120108,20120109,False
20120106,20120107,False
20120104,20120105,False
20120102,20120103,False
20111231,20120101,False
20111229,20111230,False
20111227,20111228,False
20111225,20111226,False
20111223,20111224,False
20111221,20111222,False
20111219,20111220,False
20111217,20111218,False
20111215,20111216,False
20111213,20111214,False
20111211,20111212,False
20111209,20111210,False
20111207,20111208,False
20111205,20111206,False
20111203,20111204,False
20111201,20111202,False
20111129,20111130,False
20111127,20111128,False
20111125,20111126,False
20111123,20111124,False
20111121,20111122,False
20111119,20111120,False
20111117,20111118,False
20111115,20111116,False
20111113,20111114,False
20111111,20111112,False
20111109,20111110,False
20111107,20111108,False
20111105,20111106,False
20111103,20111104,False
20111101,20111102,False
20111030,20111031,False
20111028,20111029,False
20111026,20111027,False
20111024,20111025,False
20111022,20111023,False
20111020,20111021,False
20111018,20111019,False
20111016,20111017,False
20111014,20111015,False
20111012,20111013,False
20111010,20111011,False
20111008,20111009,False
20111006,20111007,False
20111004,20111005,False
20111002,20111003,False
20110930,20111001,False
20110928,20110929,False
20110926,20110927,False
20110924,20110925,False
20110922,20110923,False
20110920,20110921,False
20110918,20110919,False
20110916,20110917,False
20110914,20110915,False
20110912,20110913,False
20110910,20110911,False
20110908,20110909,False
20110906,20110907,False
20110904,20110905,False
20110902,20110903,False
20110831,20110901,False
20110829,20110830,False
20110827,20110828,False
20110825,20110826,False
20110823,20110824,False
20110821,20110822,False
20110819,20110820,False
20110817,20110818,False
20110815,20110816,False
20110813,20110814,False
20110811,20110812,False
20110809,20110810,False
20110807,20110808,False
20110805,20110806,False
20110803,20110804,False
20110801,20110802,False
20110730,20110731,False
20110728,20110729,False
20110726,20110727,False
20110724,20110725,False
20110722,20110723,False
20110720,20110721,False
20110718,20110719,False
20110716,20110717,False
20110714,20110715,False
20110712,20110713,False
20110710,20110711,False
20110708,20110709,False
20110706,20110707,False
20110704,20110705,False
20110702,20110703,False
20110630,20110701,False
20110628,20110629,False
20110626,20110627,False
20110624,20110625,False
20110622,20110623,False
20110620,20110621,False
20110618,20110619,False
20110616,20110617,False
20110614,20110615,False
20110612,20110613,False
20110610,20110611,False
20110608,20110609,False
20110606,20110607,False
20110604,20110605,False
20110602,20110603,False
20110531,20110601,False
20110529,20110530,False
20110527,20110528,False
20110525,20110526,False
20110523,20110524,False
20110521,20110522,False
20110519,20110520,False
20110517,20110518,False
20110515,20110516,False
20110513,20110514,False
20110511,20110512,False
20110509,20110510,False
20110507,20110508,False
20110505,20110506,False
20110503,20110504,False
20110501,20110502,False
20110429,20110430,False
20110427,20110428,False
20110425,20110426,False
20110423,20110424,False
20110421,20110422,False
20110419,20110420,False
20110417,20110418,False
20110415,20110416,False
20110413,20110414,False
20110411,20110412,False
20110409,20110410,False
20110407,20110408,False
20110405,20110406,False
20110403,20110404,False
20110401,20110402,False
20110330,20110331,False
20110328,20110329,False
20110326,20110327,False
20110324,20110325,False
20110322,20110323,False
20110320,20110321,False
20110318,20110319,False
20110316,20110317,False
20110314,20110315,False
20110312,20110313,False
20110310,20110311,False
20110308,20110309,False
20110306,20110307,False
20110304,20110305,False
20110302,20110303,False
20110228,20110301,False
20110226,20110227,False
20110224,20110225,False
20110222,20110223,False
20110220,20110221,False
20110218,20110219,False
20110216,20110217,False
20110214,20110215,False
20110212,20110213,False
20110210,20110211,False
20110208,20110209,False
20110206,20110207,False
20110204,20110205,False
20110202,20110203,False
20110131,20110201,False
20110129,20110130,False
20110127,20110128,False
20110125,20110126,False
20110123,20110124,False
20110121,20110122,False
20110119,20110120,False
20110117,20110118,False
20110115,20110116,False
20110113,20110114,False
20110111,20110112,False
20110109,20110110,False
20110107,20110108,False
20110105,20110106,False
20110103,20110104,False
20110101,20110102,False
20101230,20101231,False
20101228,20101229,False
20101226,20101227,False
20101224,20101225,False
20101222,20101223,False
20101220,20101221,False
20101218,20101219,False
20101216,20101217,False
20101214,20101215,False
20101212,20101213,False
20101210,20101211,False
20101208,20101209,False
20101206,20101207,False
20101204,20101205,False
20101202,20101203,False
20101130,20101201,False
20101128,20101129,False
20101126,20101127,False
20101124,20101125,False
20101122,20101123,False
20101120,20101121,False
20101118,20101119,False
20101116,20101117,False
20101114,20101115,False
20101112,20101113,False
20101110,20101111,False
20101108,20101109,False
20101106,20101107,False
20101104,20101105,False
20101102,20101103,False
20101031,20101101,False
20101029,20101030,False
20101027,20101028,False
20101025,20101026,False
20101023,20101024,False
20101021,20101022,False
20101019,20101020,False
20101017,20101018,False
20101015,20101016,False
20101013,20101014,False
20101011,20101012,False
20101009,20101010,False
20101007,20101008,False
20101005,20101006,False
20101003,20101004,False
20101001,20101002,False
20100929,20100930,False
20100927,20100928,False
20100925,20100926,False
20100923,20100924,False
20100921,20100922,False
20100919,20100920,False
20100917,20100918,False
20100915,20100916,False
20100913,20100914,False
20100911,20100912,False
20100909,20100910,False
20100907,20100908,False
20100905,20100906,False
20100903,20100904,False
20100901,20100902,False
20100830,20100831,False
20100828,20100829,False
20100826,20100827,False
20100824,20100825,False
20100822,20100823,False
20100820,20100821,False
20100818,20100819,False
20100816,20100817,False
20100814,20100815,False
20100812,20100813,False
20100810,20100811,False
20100808,20100809,False
20100806,20100807,False
20100804,20100805,False
20100802,20100803,False
20100731,20100801,False
20100729,20100730,False
20100727,20100728,False
20100725,20100726,False
20100723,20100724,False
20100721,20100722,False
20100719,20100720,False
20100717,20100718,False
20100715,20100716,False
20100713,20100714,False
20100711,20100712,False
20100709,20100710,False
20100707,20100708,False
20100705,20100706,False
20100703,20100704,False
20100701,20100702,False
20100629,20100630,False
20100627,20100628,False
20100625,20100626,False
20100623,20100624,False
20100621,20100622,False
20100619,20100620,False
20100617,20100618,False
20100615,20100616,False
20100613,20100614,False
20100611,20100612,False
20100609,20100610,False
20100607,20100608,False
20100605,20100606,False
20100603,20100604,False
20100601,20100602,False
20100530,20100531,False
20100528,20100529,False
20100526,20100527,False
20100524,20100525,False
20100522,20100523,False
20100520,20100521,False
20100518,20100519,False
20100516,20100517,False
20100514,20100515,False
20100512,20100513,False
20100510,20100511,False
20100508,20100509,False
20100506,20100507,False
20100504,20100505,False
20100502,20100503,False
20100430,20100501,False
20100428,20100429,False
20100426,20100427,False
20100424,20100425,False
20100422,20100423,False
20100420,20100421,False
20100418,20100419,False
20100416,20100417,False
20100414,20100415,False
20100412,20100413,False
20100410,20100411,False
20100408,20100409,False
20100406,20100407,False
20100404,20100405,False
20100402,20100403,False
20100331,20100401,False
20100329,20100330,False
20100327,20100328,False
20100325,20100326,False
20100323,20100324,False
20100321,20100322,False
20100319,20100320,False
20100317,20100318,False
20100315,20100316,False
20100313,20100314,False
20100311,20100312,False
20100309,20100310,False
20100307,20100308,False
20100305,20100306,False
20100303,20100304,False
20100301,20100302,False
20100227,20100228,False
20100225,20100226,False
20100223,20100224,False
20100221,20100222,False
20100219,20100220,False
20100217,20100218,False
20100215,20100216,False
20100213,20100214,False
20100211,20100212,False
20100209,20100210,False
20100207,20100208,False
20100205,20100206,False
20100203,20100204,False
20100201,20100202,False
20100130,20100131,False
20100128,20100129,False
20100126,20100127,False
20100124,20100125,False
20100122,20100123,False
20100120,20100121,False
20100118,20100119,False
20100116,20100117,False
20100114,20100115,False
20100112,20100113,False
20100110,20100111,False
20100108,20100109,False
20100106,20100107,False
20100104,20100105,False
20100102,20100103,False
20091231,20100101,False
20091229,20091230,False
20091227,20091228,False
20091225,20091226,False
20091223,20091224,False
20091221,20091222,False
20091219,20091220,False
20091217,20091218,False
20091215,20091216,False
20091213,20091214,False
20091211,20091212,False
20091209,20091210,False
20091207,20091208,False
20091205,20091206,False
20091203,20091204,False
20091201,20091202,False
20091129,20091130,False
20091127,20091128,False
20091125,20091126,False
20091123,20091124,False
20091121,20091122,False
20091119,20091120,False
20091117,20091118,False
20091115,20091116,False
20091113,20091114,False
20091111,20091112,False
20091109,20091110,False
20091107,20091108,False
20091105,20091106,False
20091103,20091104,False
20091101,20091102,False
20091030,20091031,False
20091028,20091029,False
20091026,20091027,False
20091024,20091025,False
20091022,20091023,False
20091020,20091021,False
20091018,20091019,False
20091016,20091017,False
20091014,20091015,False
20091012,20091013,False
20091010,20091011,False
20091008,20091009,False
20091006,20091007,False
20091004,20091005,False
20091002,20091003,False
20090930,20091001,False
20090928,20090929,False
20090926,20090927,False
20090924,20090925,False
20090922,20090923,False
20090920,20090921,False
20090918,20090919,False
20090916,20090917,False
20090914,20090915,False
20090912,20090913,False
20090910,20090911,False
20090908,20090909,False
20090906,20090907,False
20090904,20090905,False
20090902,20090903,False
20090831,20090901,False
20090829,20090830,False
20090827,20090828,False
20090825,20090826,False
20090823,20090824,False
20090821,20090822,False
20090819,20090820,False
20090817,20090818,False
20090815,20090816,False
20090813,20090814,False
20090811,20090812,False
20090809,20090810,False
20090807,20090808,False
20090805,20090806,False
20090803,20090804,False
20090801,20090802,False
20090730,20090731,False
20090728,20090729,False
20090726,20090727,False
20090724,20090725,False
20090722,20090723,False
20090720,20090721,False
20090718,20090719,False
20090716,20090717,False
20090714,20090715,False
20090712,20090713,False
20090710,20090711,False
20090708,20090709,False
20090706,20090707,False
20090704,20090705,False
20090702,20090703,False
20090630,20090701,False
20090628,20090629,False
20090626,20090627,False
20090624,20090625,False
20090622,20090623,False
20090620,20090621,False
20090618,20090619,False
20090616,20090617,False
20090614,20090615,False
20090612,20090613,False
20090610,20090611,False
20090608,20090609,False
20090606,20090607,False
20090604,20090605,False
20090602,20090603,False
20090531,20090601,False
20090529,20090530,False
20090527,20090528,False
20090525,20090526,False
20090523,20090524,False
20090521,20090522,False
20090519,20090520,False
20090517,20090518,False
20090515,20090516,False
20090513,20090514,False
20090511,20090512,False
20090509,20090510,False
20090507,20090508,False
20090505,20090506,False
20090503,20090504,False
20090501,20090502,False
20090429,20090430,False
20090427,20090428,False
20090425,20090426,False
20090423,20090424,False
20090421,20090422,False
20090419,20090420,False
20090417,20090418,False
20090415,20090416,False
20090413,20090414,False
20090411,20090412,False
20090409,20090410,False
20090407,20090408,False
20090405,20090406,False
20090403,20090404,False
20090401,20090402,False
20090330,20090331,False
20090328,20090329,False
20090326,20090327,False
20090324,20090325,False
20090322,20090323,False
20090320,20090321,False
20090318,20090319,False
20090316,20090317,False
20090314,20090315,False
20090312,20090313,False
20090310,20090311,False
20090308,20090309,False
20090306,20090307,False
20090304,20090305,False
20090302,20090303,False
20090228,20090301,False
20090226,20090227,False
20090224,20090225,False
20090222,20090223,False
20090220,20090221,False
20090218,20090219,False
20090216,20090217,False
20090214,20090215,False
20090212,20090213,False
20090210,20090211,False
20090208,20090209,False
20090206,20090207,False
20090204,20090205,False
20090202,20090203,False
20090131,20090201,False
20090129,20090130,False
20090127,20090128,False
20090125,20090126,False
20090123,20090124,False
20090121,20090122,False
20090119,20090120,False
20090117,20090118,False
20090115,20090116,False
20090113,20090114,False
20090111,20090112,False
20090109,20090110,False
20090107,20090108,False
20090105,20090106,False
20090103,20090104,False
20090101,20090102,False
20081230,20081231,False
20081228,20081229,False
20081226,20081227,False
20081224,20081225,False
20081222,20081223,False
20081220,20081221,False
20081218,20081219,False
20081216,20081217,False
20081214,20081215,False
20081212,20081213,False
20081210,20081211,False
20081208,20081209,False
20081206,20081207,False
20081204,20081205,False
20081202,20081203,False
20081130,20081201,False
20081128,20081129,False
20081126,20081127,False
20081124,20081125,False
20081122,20081123,False
20081120,20081121,False
20081118,20081119,False
20081116,20081117,False
20081114,20081115,False
20081112,20081113,False
20081110,20081111,False
20081108,20081109,False
20081106,20081107,False
20081104,20081105,False
20081102,20081103,False
20081031,20081101,False
20081029,20081030,False
20081027,20081028,False
20081025,20081026,False
20081023,20081024,False
20081021,20081022,False
20081019,20081020,False
20081017,20081018,False
20081015,20081016,False
20081013,20081014,False
20081011,20081012,False
20081009,20081010,False
20081007,20081008,False
20081005,20081006,False
20081003,20081004,False
20081001,20081002,False
20080929,20080930,False
20080927,20080928,False
20080925,20080926,False
20080923,20080924,False
20080921,20080922,False
20080919,20080920,False
20080917,20080918,False
20080915,20080916,False
20080913,20080914,False
20080911,20080912,False
20080909,20080910,False
20080907,20080908,False
20080905,20080906,False
20080903,20080904,False
20080901,20080902,False
20080830,20080831,False
20080828,20080829,False
20080826,20080827,False
20080824,20080825,False
20080822,20080823,False
20080820,20080821,False
20080818,20080819,False
20080816,20080817,False
20080814,20080815,False
20080812,20080813,False
20080810,20080811,False
20080808,20080809,False
20080806,20080807,False
20080804,20080805,False
20080802,20080803,False
20080731,20080801,False
20080729,20080730,False
20080727,20080728,False
20080725,20080726,False
20080723,20080724,False
20080721,20080722,False
20080719,20080720,False
20080717,20080718,False
20080715,20080716,False
20080713,20080714,False
20080711,20080712,False
20080709,20080710,False
20080707,20080708,False
20080705,20080706,False
20080703,20080704,False
20080701,20080702,False
20080629,20080630,False
20080627,20080628,False
20080625,20080626,False
20080623,20080624,False
20080621,20080622,False
20080619,20080620,False
20080617,20080618,False
20080615,20080616,False
20080613,20080614,False
20080611,20080612,False
20080609,20080610,False
20080607,20080608,False
20080605,20080606,False
20080603,20080604,False
20080601,20080602,False
20080530,20080531,False
20080528,20080529,False
20080526,20080527,False
20080524,20080525,False
20080522,20080523,False
20080520,20080521,False
20080518,20080519,False
20080516,20080517,False
20080514,20080515,False
20080512,20080513,False
20080510,20080511,False
20080508,20080509,False
20080506,20080507,False
20080504,20080505,False
20080502,20080503,False
20080430,20080501,False
20080428,20080429,False
20080426,20080427,False
20080424,20080425,False
20080422,20080423,False
20080420,20080421,False
20080418,20080419,False
20080416,20080417,False
20080414,20080415,False
20080412,20080413,False
20080410,20080411,False
20080408,20080409,False
20080406,20080407,False
20080404,20080405,False
20080402,20080403,False
20080331,20080401,False
20080329,20080330,False
20080327,20080328,False
20080325,20080326,False
20080323,20080324,False
20080321,20080322,False
20080319,20080320,False
20080317,20080318,False
20080315,20080316,False
20080313,20080314,False
20080311,20080312,False
20080309,20080310,False
20080307,20080308,False
20080305,20080306,False
20080303,20080304,False
20080301,20080302,False
20080228,20080229,False
20080226,20080227,False
20080224,20080225,False
20080222,20080223,False
20080220,20080221,False
20080218,20080219,False
20080216,20080217,False
20080214,20080215,False
20080212,20080213,False
20080210,20080211,False
20080208,20080209,False
20080206,20080207,False
20080204,20080205,False
20080202,20080203,False
20080131,20080201,False
20080129,20080130,False
20080127,20080128,False
20080125,20080126,False
20080123,20080124,False
20080121,20080122,False
20080119,20080120,False
20080117,20080118,False
20080115,20080116,False
20080113,20080114,False
20080111,20080112,False
20080109,20080110,False
20080107,20080108,False
20080105,20080106,False
20080103,20080104,False
20080101,20080102,False
20071230,20071231,False
20071228,20071229,False
20071226,20071227,False
20071224,20071225,False
20071222,20071223,False
20071220,20071221,False
20071218,20071219,False
20071216,20071217,False
20071214,20071215,False
20071212,20071213,False
20071210,20071211,False
20071208,20071209,False
20071206,20071207,False
20071204,20071205,False
20071202,20071203,False
20071130,20071201,False
20071128,20071129,False
20071126,20071127,False
20071124,20071125,False
20071122,20071123,False
20071120,20071121,False
20071118,20071119,False
20071116,20071117,False
20071114,20071115,False
20071112,20071113,False
20071110,20071111,False
20071108,20071109,False
20071106,20071107,False
20071104,20071105,False
20071102,20071103,False
20071031,20071101,False
20071029,20071030,False
20071027,20071028,False
20071025,20071026,False
20071023,20071024,False
20071021,20071022,False
20071019,20071020,False
20071017,20071018,False
20071015,20071016,False
20071013,20071014,False
20071011,20071012,False
20071009,20071010,False
20071007,20071008,False
20071005,20071006,False
20071003,20071004,False
20071001,20071002,False
20070929,20070930,False
20070927,20070928,False
20070925,20070926,False
20070923,20070924,False
20070921,20070922,False
20070919,20070920,False
20070917,20070918,False
20070915,20070916,False
20070913,20070914,False
20070911,20070912,False
20070909,20070910,False
20070907,20070908,False
20070905,20070906,False
20070903,20070904,False
20070901,20070902,False
20070830,20070831,False
20070828,20070829,False
20070826,20070827,False
20070824,20070825,False
20070822,20070823,False
20070820,20070821,False
20070818,20070819,False
20070816,20070817,False
20070814,20070815,False
20070812,20070813,False
20070810,20070811,False
20070808,20070809,False
20070806,20070807,False
20070804,20070805,False
20070802,20070803,False
20070731,20070801,False
20070729,20070730,False
20070727,20070728,False
20070725,20070726,False
20070723,20070724,False
20070721,20070722,False
20070719,20070720,False
20070717,20070718,False
20070715,20070716,False
20070713,20070714,False
20070711,20070712,False
20070709,20070710,False
20070707,20070708,False
20070705,20070706,False
20070703,20070704,False
20070701,20070702,False
20070629,20070630,False
20070627,20070628,False
20070625,20070626,False
20070623,20070624,False
20070621,20070622,False
20070619,20070620,False
20070617,20070618,False
20070615,20070616,False
20070613,20070614,False
20070611,20070612,False
20070609,20070610,False
20070607,20070608,False
20070605,20070606,False
20070603,20070604,False
20070601,20070602,False
20070530,20070531,False
20070528,20070529,False
20070526,20070527,False
20070524,20070525,False
20070522,20070523,False
20070520,20070521,False
20070518,20070519,False
20070516,20070517,False
20070514,20070515,False
20070512,20070513,False
20070510,20070511,False
20070508,20070509,False
20070506,20070507,False
20070504,20070505,False
20070502,20070503,False
20070430,20070501,False
20070428,20070429,False
20070426,20070427,False
20070424,20070425,False
20070422,20070423,False
20070420,20070421,False
20070418,20070419,False
20070416,20070417,False
20070414,20070415,False
20070412,20070413,False
20070410,20070411,False
20070408,20070409,False
20070406,20070407,False
20070404,20070405,False
20070402,20070403,False
20070331,20070401,False
20070329,20070330,False
20070327,20070328,False
20070325,20070326,False
20070323,20070324,False
20070321,20070322,False
20070319,20070320,False
20070317,20070318,False
20070315,20070316,False
20070313,20070314,False
20070311,20070312,False
20070309,20070310,False
20070307,20070308,False
20070305,20070306,False
20070303,20070304,False
20070301,20070302,False
20070227,20070228,False
20070225,20070226,False
20070223,20070224,False
20070221,20070222,False
20070219,20070220,False
20070217,20070218,False
20070215,20070216,False
20070213,20070214,False
20070211,20070212,False
20070209,20070210,False
20070207,20070208,False
20070205,20070206,False
20070203,20070204,False
20070201,20070202,False
20070130,20070131,False
20070128,20070129,False
20070126,20070127,False
20070124,20070125,False
20070122,20070123,False
20070120,20070121,False
20070118,20070119,False
20070116,20070117,False
20070114,20070115,False
20070112,20070113,False
20070110,20070111,False
20070108,20070109,False
20070106,20070107,False
20070104,20070105,False
20070102,20070103,False
20061231,20070101,False
20061229,20061230,False
20061227,20061228,False
20061225,20061226,False
20061223,20061224,False
20061221,20061222,False
20061219,20061220,False
20061217,20061218,False
20061215,20061216,False
20061213,20061214,False
20061211,20061212,False
20061209,20061210,False
20061207,20061208,False
20061205,20061206,False
20061203,20061204,False
20061201,20061202,False
20061129,20061130,False
20061127,20061128,False
20061125,20061126,False
20061123,20061124,False
20061121,20061122,False
20061119,20061120,False
20061117,20061118,False
20061115,20061116,False
20061113,20061114,False
20061111,20061112,False
20061109,20061110,False
20061107,20061108,False
20061105,20061106,False
20061103,20061104,False
20061101,20061102,False
20061030,20061031,False
20061028,20061029,False
20061026,20061027,False
20061024,20061025,False
20061022,20061023,False
20061020,20061021,False
20061018,20061019,False
20061016,20061017,False
20061014,20061015,False
20061012,20061013,False
20061010,20061011,False
20061008,20061009,False
20061006,20061007,False
20061004,20061005,False
20061002,20061003,False
20060930,20061001,False
20060928,20060929,False
20060926,20060927,False
20060924,20060925,False
20060922,20060923,False
20060920,20060921,False
20060918,20060919,False
20060916,20060917,False
20060914,20060915,False
20060912,20060913,False
20060910,20060911,False
20060908,20060909,False
20060906,20060907,False
20060904,20060905,False
20060902,20060903,False
20060831,20060901,False
20060829,20060830,False
20060827,20060828,False
20060825,20060826,False
20060823,20060824,False
20060821,20060822,False
20060819,20060820,False
20060817,20060818,False
20060815,20060816,False
20060813,20060814,False
20060811,20060812,False
20060809,20060810,False
20060807,20060808,False
20060805,20060806,False
20060803,20060804,False
20060801,20060802,False
20060730,20060731,False
20060728,20060729,False
20060726,20060727,False
20060724,20060725,False
20060722,20060723,False
20060720,20060721,False
20060718,20060719,False
20060716,20060717,False
20060714,20060715,False
20060712,20060713,False
20060710,20060711,False
20060708,20060709,False
20060706,20060707,False
20060704,20060705,False
20060702,20060703,False
20060630,20060701,False
20060628,20060629,False
20060626,20060627,False
20060624,20060625,False
20060622,20060623,False
20060620,20060621,False
20060618,20060619,False
20060616,20060617,False
20060614,20060615,False
20060612,20060613,False
20060610,20060611,False
20060608,20060609,False
20060606,20060607,False
20060604,20060605,False
20060602,20060603,False
20060531,20060601,False
20060529,20060530,False
20060527,20060528,False
20060525,20060526,False
20060523,20060524,False
20060521,20060522,False
20060519,20060520,False
20060517,20060518,False
20060515,20060516,False
20060513,20060514,False
20060511,20060512,False
20060509,20060510,False
20060507,20060508,False
20060505,20060506,False
20060503,20060504,False
20060501,20060502,False
20060429,20060430,False
20060427,20060428,False
20060425,20060426,False
20060423,20060424,False
20060421,20060422,False
20060419,20060420,False
20060417,20060418,False
20060415,20060416,False
20060413,20060414,False
20060411,20060412,False
20060409,20060410,False
20060407,20060408,False
20060405,20060406,False
20060403,20060404,False
20060401,20060402,False
20060330,20060331,False
20060328,20060329,False
20060326,20060327,False
20060324,20060325,False
20060322,20060323,False
20060320,20060321,False
20060318,20060319,False
20060316,20060317,False
20060314,20060315,False
20060312,20060313,False
20060310,20060311,False
20060308,20060309,False
20060306,20060307,False
20060304,20060305,False
20060302,20060303,False
20060228,20060301,False
20060226,20060227,False
20060224,20060225,False
20060222,20060223,False
20060220,20060221,False
20060218,20060219,False
20060216,20060217,False
20060214,20060215,False
20060212,20060213,False
20060210,20060211,False
20060208,20060209,False
20060206,20060207,False
20060204,20060205,False
20060202,20060203,False
20060131,20060201,False
20060129,20060130,False
20060127,20060128,False
20060125,20060126,False
20060123,20060124,False
20060121,20060122,False
20060119,20060120,False
20060117,20060118,False
20060115,20060116,False
20060113,20060114,False
20060111,20060112,False
20060109,20060110,False
20060107,20060108,False
20060105,20060106,False
20060103,20060104,False
20060101,20060102,False
20051230,20051231,False
20051228,20051229,False
20051226,20051227,False
20051224,20051225,False
20051222,20051223,False
20051220,20051221,False
20051218,20051219,False
20051216,20051217,False
20051214,20051215,False
20051212,20051213,False
20051210,20051211,False
20051208,20051209,False
20051206,20051207,False
20051204,20051205,False
20051202,20051203,False
20051130,20051201,False
20051128,20051129,False
20051126,20051127,False
20051124,20051125,False
20051122,20051123,False
20051120,20051121,False
20051118,20051119,False
20051116,20051117,False
20051114,20051115,False
20051112,20051113,False
20051110,20051111,False
20051108,20051109,False
20051106,20051107,False
20051104,20051105,False
20051102,20051103,False
20051031,20051101,False
20051029,20051030,False
20051027,20051028,False
20051025,20051026,False
20051023,20051024,False
20051021,20051022,False
20051019,20051020,False
20051017,20051018,False
20051015,20051016,False
20051013,20051014,False
20051011,20051012,False
20051009,20051010,False
20051007,20051008,False
20051005,20051006,False
20051003,20051004,False
20051001,20051002,False
20050929,20050930,False
20050927,20050928,False
20050925,20050926,False
20050923,20050924,False
20050921,20050922,False
20050919,20050920,False
20050917,20050918,False
20050915,20050916,False
20050913,20050914,False
20050911,20050912,False
20050909,20050910,False
20050907,20050908,False
20050905,20050906,False
20050903,20050904,False
20050901,20050902,False
20050830,20050831,False
20050828,20050829,False
20050826,20050827,False
20050824,20050825,False
20050822,20050823,False
20050820,20050821,False
20050818,20050819,False
20050816,20050817,False
20050814,20050815,False
20050812,20050813,False
20050810,20050811,False
20050808,20050809,False
20050806,20050807,False
20050804,20050805,False
20050802,20050803,False
20050731,20050801,False
20050729,20050730,False
20050727,20050728,False
20050725,20050726,False
20050723,20050724,False
20050721,20050722,False
20050719,20050720,False
20050717,20050718,False
20050715,20050716,False
20050713,20050714,False
20050711,20050712,False
20050709,20050710,False
20050707,20050708,False
20050705,20050706,False
20050703,20050704,False
20050701,20050702,False
20050629,20050630,False
20050627,20050628,False
20050625,20050626,False
20050623,20050624,False
20050621,20050622,False
20050619,20050620,False
20050617,20050618,False
20050615,20050616,False
20050613,20050614,False
20050611,20050612,False
20050609,20050610,False
20050607,20050608,False
20050605,20050606,False
20050603,20050604,False
20050601,20050602,False
20050530,20050531,False
20050528,20050529,False
20050526,20050527,False
20050524,20050525,False
20050522,20050523,False
20050520,20050521,False
20050518,20050519,False
20050516,20050517,False
20050514,20050515,False
20050512,20050513,False
20050510,20050511,False
20050508,20050509,False
20050506,20050507,False
20050504,20050505,False
20050502,20050503,False
20050430,20050501,False
20050428,20050429,False
20050426,20050427,False
20050424,20050425,False
20050422,20050423,False
20050420,20050421,False
20050418,20050419,False
20050416,20050417,False
20050414,20050415,False
20050412,20050413,False
20050410,20050411,False
20050408,20050409,False
20050406,20050407,False
20050404,20050405,False
20050402,20050403,False
20050331,20050401,False
20050329,20050330,False
20050327,20050328,False
20050325,20050326,False
20050323,20050324,False
20050321,20050322,False
20050319,20050320,False
20050317,20050318,False
20050315,20050316,False
20050313,20050314,False
20050311,20050312,False
20050309,20050310,False
20050307,20050308,False
20050305,20050306,False
20050303,20050304,False
20050301,20050302,False
20050227,20050228,False
20050225,20050226,False
20050223,20050224,False
20050221,20050222,False
20050219,20050220,False
20050217,20050218,False
20050215,20050216,False
20050213,20050214,False
20050211,20050212,False
20050209,20050210,False
20050207,20050208,False
20050205,20050206,False
20050203,20050204,False
20050201,20050202,False
20050130,20050131,False
20050128,20050129,False
20050126,20050127,False
20050124,20050125,False
20050122,20050123,False
20050120,20050121,False
20050118,20050119,False
20050116,20050117,False
20050114,20050115,False
20050112,20050113,False
20050110,20050111,False
20050108,20050109,False
20050106,20050107,False
20050104,20050105,False
20050102,20050103,False
20041231,20050101,False
20041229,20041230,False
20041227,20041228,False
20041225,20041226,False
20041223,20041224,False
20041221,20041222,False
20041219,20041220,False
20041217,20041218,False
20041215,20041216,False
20041213,20041214,False
20041211,20041212,False
20041209,20041210,False
20041207,20041208,False
20041205,20041206,False
20041203,20041204,False
20041201,20041202,False
20041129,20041130,False
20041127,20041128,False
20041125,20041126,False
20041123,20041124,False
20041121,20041122,False
20041119,20041120,False
20041117,20041118,False
20041115,20041116,False
20041113,20041114,False
20041111,20041112,False
20041109,20041110,False
20041107,20041108,False
20041105,20041106,False
20041103,20041104,False
20041101,20041102,False
20041030,20041031,False
20041028,20041029,False
20041026,20041027,False
20041024,20041025,False
20041022,20041023,False
20041020,20041021,False
20041018,20041019,False
20041016,20041017,False
20041014,20041015,False
20041012,20041013,False
20041010,20041011,False
20041008,20041009,False
20041006,20041007,False
20041004,20041005,False
20041002,20041003,False
20040930,20041001,False
20040928,20040929,False
20040926,20040927,False
20040924,20040925,False
20040922,20040923,False
20040920,20040921,False
20040918,20040919,False
20040916,20040917,False
20040914,20040915,False
20040912,20040913,False
20040910,20040911,False
20040908,20040909,False
20040906,20040907,False
20040904,20040905,False
20040902,20040903,False
20040831,20040901,False
20040829,20040830,False
20040827,20040828,False
20040825,20040826,False
20040823,20040824,False
20040821,20040822,False
20040819,20040820,False
20040817,20040818,False
20040815,20040816,False
20040813,20040814,False
20040811,20040812,False
20040809,20040810,False
20040807,20040808,False
20040805,20040806,False
20040803,20040804,False
20040801,20040802,False
20040730,20040731,False
20040728,20040729,False
20040726,20040727,False
20040724,20040725,False
20040722,20040723,False
20040720,20040721,False
20040718,20040719,False
20040716,20040717,False
20040714,20040715,False
20040712,20040713,False
20040710,20040711,False
20040708,20040709,False
20040706,20040707,False
20040704,20040705,False
20040702,20040703,False
20040630,20040701,False
20040628,20040629,False
20040626,20040627,False
20040624,20040625,False
20040622,20040623,False
20040620,20040621,False
20040618,20040619,False
20040616,20040617,False
20040614,20040615,False
20040612,20040613,False
20040610,20040611,False
20040608,20040609,False
20040606,20040607,False
20040604,20040605,False
20040602,20040603,False
20040531,20040601,False
20040529,20040530,False
20040527,20040528,False
20040525,20040526,False
20040523,20040524,False
20040521,20040522,False
20040519,20040520,False
20040517,20040518,False
20040515,20040516,False
20040513,20040514,False
20040511,20040512,False
20040509,20040510,False
20040507,20040508,False
20040505,20040506,False
20040503,20040504,False
20040501,20040502,False
20040429,20040430,False
20040427,20040428,False
20040425,20040426,False
20040423,20040424,False
20040421,20040422,False
20040419,20040420,False
20040417,20040418,False
20040415,20040416,False
20040413,20040414,False
20040411,20040412,False
20040409,20040410,False
20040407,20040408,False
20040405,20040406,False
20040403,20040404,False
20040401,20040402,False
20040330,20040331,False
20040328,20040329,False
20040326,20040327,False
20040324,20040325,False
20040322,20040323,False
20040320,20040321,False
20040318,20040319,False
20040316,20040317,False
20040314,20040315,False
20040312,20040313,False
20040310,20040311,False
20040308,20040309,False
20040306,20040307,False
20040304,20040305,False
20040302,20040303,False
20040229,20040301,False
20040227,20040228,False
20040225,20040226,False
20040223,20040224,False
20040221,20040222,False
20040219,20040220,False
20040217,20040218,False
20040215,20040216,False
20040213,20040214,False
20040211,20040212,False
20040209,20040210,False
20040207,20040208,False
20040205,20040206,False
20040203,20040204,False
20040201,20040202,False
20040130,20040131,False
20040128,20040129,False
20040126,20040127,False
20040124,20040125,False
20040122,20040123,False
20040120,20040121,False
20040118,20040119,False
20040116,20040117,False
20040114,20040115,False
20040112,20040113,False
20040110,20040111,False
20040108,20040109,False
20040106,20040107,False
20040104,20040105,False
20040102,20040103,False
20031231,20040101,False
20031229,20031230,False
20031227,20031228,False
20031225,20031226,False
20031223,20031224,False
20031221,20031222,False
20031219,20031220,False
20031217,20031218,False
20031215,20031216,False
20031213,20031214,False
20031211,20031212,False
20031209,20031210,False
20031207,20031208,False
20031205,20031206,False
20031203,20031204,False
20031201,20031202,False
20031129,20031130,False
20031127,20031128,False
20031125,20031126,False
20031123,20031124,False
20031121,20031122,False
20031119,20031120,False
20031117,20031118,False
20031115,20031116,False
20031113,20031114,False
20031111,20031112,False
20031109,20031110,False
20031107,20031108,False
20031105,20031106,False
20031103,20031104,False
20031101,20031102,False
20031030,20031031,False
20031028,20031029,False
20031026,20031027,False
20031024,20031025,False
20031022,20031023,False
20031020,20031021,False
20031018,20031019,False
20031016,20031017,False
20031014,20031015,False
20031012,20031013,False
20031010,20031011,False
20031008,20031009,False
20031006,20031007,False
20031004,20031005,False
20031002,20031003,False
20030930,20031001,False
20030928,20030929,False
20030926,20030927,False
20030924,20030925,False
20030922,20030923,False
20030920,20030921,False
20030918,20030919,False
20030916,20030917,False
20030914,20030915,False
20030912,20030913,False
20030910,20030911,False
20030908,20030909,False
20030906,20030907,False
20030904,20030905,False
20030902,20030903,False
20030831,20030901,False
20030829,20030830,False
20030827,20030828,False
20030825,20030826,False
20030823,20030824,False
20030821,20030822,False
20030819,20030820,False
20030817,20030818,False
20030815,20030816,False
20030813,20030814,False
20030811,20030812,False
20030809,20030810,False
20030807,20030808,False
20030805,20030806,False
20030803,20030804,False
20030801,20030802,False
20030730,20030731,False
20030728,20030729,False
20030726,20030727,False
20030724,20030725,False
20030722,20030723,False
20030720,20030721,False
20030718,20030719,False
20030716,20030717,False
20030714,20030715,False
20030712,20030713,False
20030710,20030711,False
20030708,20030709,False
20030706,20030707,False
20030704,20030705,False
20030702,20030703,False
20030630,20030701,False
20030628,20030629,False
20030626,20030627,False
20030624,20030625,False
20030622,20030623,False
20030620,20030621,False
20030618,20030619,False
20030616,20030617,False
20030614,20030615,False
20030612,20030613,False
20030610,20030611,False
20030608,20030609,False
20030606,20030607,False
20030604,20030605,False
20030602,20030603,False
20030531,20030601,False
20030529,20030530,False
20030527,20030528,False
20030525,20030526,False
20030523,20030524,False
20030521,20030522,False
20030519,20030520,False
20030517,20030518,False
20030515,20030516,False
20030513,20030514,False
20030511,20030512,False
20030509,20030510,False
20030507,20030508,False
20030505,20030506,False
20030503,20030504,False
20030501,20030502,False
20030429,20030430,False
20030427,20030428,False
20030425,20030426,False
20030423,20030424,False
20030421,20030422,False
20030419,20030420,False
20030417,20030418,False
20030415,20030416,False
20030413,20030414,False
20030411,20030412,False
20030409,20030410,False
20030407,20030408,False
20030405,20030406,False
20030403,20030404,False
20030401,20030402,False
20030330,20030331,False
20030328,20030329,False
20030326,20030327,False
20030324,20030325,False
20030322,20030323,False
20030320,20030321,False
20030318,20030319,False
20030316,20030317,False
20030314,20030315,False
20030312,20030313,False
20030310,20030311,False
20030308,20030309,False
20030306,20030307,False
20030304,20030305,False
20030302,20030303,False
20030228,20030301,False
20030226,20030227,False
20030224,20030225,False
20030222,20030223,False
20030220,20030221,False
20030218,20030219,False
20030216,20030217,False
20030214,20030215,False
20030212,20030213,False
20030210,20030211,False
20030208,20030209,False
20030206,20030207,False
20030204,20030205,False
20030202,20030203,False
20030131,20030201,False
20030129,20030130,False
20030127,20030128,False
20030125,20030126,False
20030123,20030124,False
20030121,20030122,False
20030119,20030120,False
20030117,20030118,False
20030115,20030116,False
20030113,20030114,False
20030111,20030112,False
20030109,20030110,False
20030107,20030108,False
20030105,20030106,False
20030103,20030104,False
20030101,20030102,False
20021230,20021231,False
20021228,20021229,False
20021226,20021227,False
20021224,20021225,False
20021222,20021223,False
20021220,20021221,False
20021218,20021219,False
20021216,20021217,False
20021214,20021215,False
20021212,20021213,False
20021210,20021211,False
20021208,20021209,False
20021206,20021207,False
20021204,20021205,False
20021202,20021203,False
20021130,20021201,False
20021128,20021129,False
20021126,20021127,False
20021124,20021125,False
20021122,20021123,False
20021120,20021121,False
20021118,20021119,False
20021116,20021117,False
20021114,20021115,False
20021112,20021113,False
20021110,20021111,False
20021108,20021109,False
20021106,20021107,False
20021104,20021105,False
20021102,20021103,False
20021031,20021101,False
20021029,20021030,False
20021027,20021028,False
20021025,20021026,False
20021023,20021024,False
20021021,20021022,False
20021019,20021020,False
20021017,20021018,False
20021015,20021016,False
20021013,20021014,False
20021011,20021012,False
20021009,20021010,False
20021007,20021008,False
20021005,20021006,False
20021003,20021004,False
20021001,20021002,False
20020929,20020930,False
20020927,20020928,False
20020925,20020926,False
20020923,20020924,False
20020921,20020922,False
20020919,20020920,False
20020917,20020918,False
20020915,20020916,False
20020913,20020914,False
20020911,20020912,False
20020909,20020910,False
20020907,20020908,False
20020905,20020906,False
20020903,20020904,False
20020901,20020902,False
20020830,20020831,False
20020828,20020829,False
20020826,20020827,False
20020824,20020825,False
20020822,20020823,False
20020820,20020821,False
20020818,20020819,False
20020816,20020817,False
20020814,20020815,False
20020812,20020813,False
20020810,20020811,False
20020808,20020809,False
20020806,20020807,False
20020804,20020805,False
20020802,20020803,False
20020731,20020801,False
20020729,20020730,False
20020727,20020728,False
20020725,20020726,False
20020723,20020724,False
20020721,20020722,False
20020719,20020720,False
20020717,20020718,False
20020715,20020716,False
20020713,20020714,False
20020711,20020712,False
