종목명,종목코드
AJ네트웍스,095570
AK홀딩스,006840
BGF,027410
BGF리테일,282330
BNK금융지주,138930
BYC,001460
BYC우,001465
CJ,001040
CJ CGV,079160
CJ4우(전환),00104K
CJ대한통운,000120
CJ씨푸드,011150
CJ씨푸드1우,011155
CJ우,001045
CJ제일제당,097950
CJ제일제당 우,097955
CS홀딩스,000590
DB,012030
DB금융투자,016610
DB손해보험,005830
DB하이텍,000990
DB하이텍1우,000995
DGB금융지주,139130
DI동일,001530
DL,000210
DL건설,001880
DL우,000215
DL이앤씨,375500
DL이앤씨2우(전환),37550L
DL이앤씨우,37550K
DN오토모티브,007340
DRB동일,004840
DSR,155660
DSR제강,069730
E1,017940
ESR켄달스퀘어리츠,365550
F&F,383220
F&F홀딩스,007700
GKL,114090
GS,078930
GS건설,006360
GS글로벌,001250
GS리테일,007070
GS우,078935
HDC,012630
HDC랩스,039570
HDC현대EP,089470
HDC현대산업개발,294870
HD현대,267250
HJ중공업,097230
HLB글로벌,003580
HMM,011200
HSD엔진,082740
IHQ,003560
JB금융지주,175330
JW생명과학,234080
JW중외제약,001060
JW중외제약2우B,001067
JW중외제약우,001065
JW홀딩스,096760
KB금융,105560
KCC,002380
KCC글라스,344820
KCTC,009070
KC그린홀딩스,009440
KC코트렐,119650
KEC,092220
KG스틸,016380
KG스틸우,016385
KG케미칼,001390
KH 필룩스,033180
KISCO홀딩스,001940
KPX케미칼,025000
KPX홀딩스,092230
KR모터스,000040
KSS해운,044450
KT,030200
KT&G,033780
KTcs,058850
KTis,058860
LF,093050
LG,003550
LG디스플레이,034220
LG생활건강,051900
LG생활건강우,051905
LG에너지솔루션,373220
LG우,003555
LG유플러스,032640
LG이노텍,011070
LG전자,066570
LG전자우,066575
LG헬로비전,037560
LG화학,051910
LG화학우,051915
LIG넥스원,079550
LS,006260
LS ELECTRIC,010120
LS네트웍스,000680
LS전선아시아,229640
LX인터내셔널,001120
LX하우시스,108670
LX하우시스우,108675
LX홀딩스,383800
LX홀딩스1우,38380K
MH에탄올,023150
NAVER,035420
NHN,181710
NH올원리츠,400760
NH투자증권,005940
NH투자증권우,005945
NH프라임리츠,338100
NICE,034310
NI스틸,008260
NPC,004250
NPC우,004255
OCI,010060
PI첨단소재,178920
POSCO홀딩스,005490
S-Oil,010950
S-Oil우,010955
SBS,034120
SGC에너지,005090
SG글로벌,001380
SG세계물산,004060
SHD,001770
SH에너지화학,002360
SIMPAC,009160
SJM,123700
SJM홀딩스,025530
SK,034730
SKC,011790
SK가스,018670
SK네트웍스,001740
SK네트웍스우,001745
SK디스커버리,006120
SK디스커버리우,006125
SK디앤디,210980
SK렌터카,068400
SK리츠,395400
SK바이오사이언스,302440
SK바이오팜,326030
SK스퀘어,402340
SK아이이테크놀로지,361610
SK우,03473K
SK이노베이션,096770
SK이노베이션우,096775
SK증권,001510
SK증권우,001515
SK케미칼,285130
SK케미칼우,28513K
SK텔레콤,017670
SK하이닉스,000660
SNT모티브,064960
SNT에너지,100840
SNT중공업,003570
SNT홀딩스,036530
SPC삼립,005610
STX,011810
STX엔진,077970
STX중공업,071970
SUN&L,002820
TBH글로벌,084870
TCC스틸,002710
TKG휴켐스,069260
TYM,002900
WISCOM,024070
YG PLUS,037270
가온전선,000500
강남제비스코,000860
강원랜드,035250
갤럭시아에스엠,011420
경농,002100
경동나비엔,009450
경동도시가스,267290
경동인베스트,012320
경방,000050
경보제약,214390
경인양행,012610
경인전자,009140
계룡건설,013580
계양전기,012200
계양전기우,012205
고려산업,002140
고려아연,010130
고려제강,002240
광동제약,009290
광명전기,017040
광전자,017900
광주신세계,037710
교보증권,030610
교촌에프앤비,339770
국도화학,007690
국동,005320
국보,001140
국제약품,002720
그린케미칼,083420
극동유화,014530
금강공업,014280
금강공업우,014285
금비,008870
금양,001570
금호건설,002990
금호건설우,002995
금호석유,011780
금호석유우,011785
금호에이치티,214330
금호전기,001210
금호타이어,073240
기신정기,092440
기아,000270
기업은행,024110
까뮤이앤씨,013700
깨끗한나라,004540
깨끗한나라우,004545
남광토건,001260
남선알미늄,008350
남선알미우,008355
남성,004270
남양유업,003920
남양유업우,003925
남해화학,025860
넥센,005720
넥센우,005725
넥센타이어,002350
넥센타이어1우B,002355
넷마블,251270
노루페인트,090350
노루페인트우,090355
노루홀딩스,000320
노루홀딩스우,000325
녹십자,006280
녹십자홀딩스,005250
녹십자홀딩스2우,005257
농심,004370
농심홀딩스,072710
다스코,058730
다올투자증권,030210
다우기술,023590
다이나믹디자인,145210
대교,019680
대교우B,019685
대구백화점,006370
대덕,008060
대덕1우,00806K
대덕전자,353200
대덕전자1우,35320K
대동,000490
대동전자,008110
대림B&Co,005750
대림통상,006570
대상,001680
대상우,001685
대상홀딩스,084690
대상홀딩스우,084695
대성산업,128820
대성에너지,117580
대성홀딩스,016710
대신증권,003540
대신증권2우B,003547
대신증권우,003545
대양금속,009190
대영포장,014160
대우건설,047040
대우부품,009320
대우조선해양,042660
대웅,003090
대웅제약,069620
대원강업,000430
대원전선,006340
대원전선우,006345
대원제약,003220
대원화성,024890
대유에이텍,002880
대유플러스,000300
대창,012800
대창단조,015230
대한방직,001070
대한유화,006650
대한전선,001440
대한제강,084010
대한제당,001790
대한제당우,001795
대한제분,001130
대한항공,003490
대한항공우,003495
대한해운,005880
대한화섬,003830
대현,016090
대호에이엘,069460
더블유게임즈,192080
더존비즈온,012510
덕성,004830
덕성우,004835
덕양산업,024900
덴티움,145720
도화엔지니어링,002150
동국제강,001230
동남합성,023450
동방,004140
동방아그로,007590
동부건설,005960
동부건설우,005965
동서,026960
동성제약,002210
동성케미컬,102260
동아쏘시오홀딩스,000640
동아에스티,170900
동아지질,028100
동아타이어,282690
동양,001520
동양2우B,001527
동양3우B,001529
동양고속,084670
동양생명,082640
동양우,001525
동양철관,008970
동양피스톤,092780
동원F&B,049770
동원금속,018500
동원산업,006040
동원수산,030720
동원시스템즈,014820
동원시스템즈우,014825
동일고무벨트,163560
동일산업,004890
동일제강,002690
동화약품,000020
두산,000150
두산2우B,000157
두산밥캣,241560
두산에너빌리티,034020
두산우,000155
두산퓨얼셀,336260
두산퓨얼셀1우,33626K
두산퓨얼셀2우B,33626L
두올,016740
드림텍,192650
디씨엠,024090
디아이,003160
디아이씨,092200
디앤디플랫폼리츠,377190
디와이,013570
디와이파워,210540
락앤락,115390
롯데관광개발,032350
롯데렌탈,089860
롯데리츠,330590
롯데손해보험,000400
롯데쇼핑,023530
롯데정밀화학,004000
롯데정보통신,286940
롯데제과,280360
롯데지주,004990
롯데지주우,00499K
롯데칠성,005300
롯데칠성우,005305
롯데케미칼,011170
롯데푸드,002270
롯데하이마트,071840
마니커,027740
마스턴프리미어리츠,357430
만도,204320
만호제강,001080
맥쿼리인프라,088980
맵스리얼티1,094800
메리츠금융지주,138040
메리츠증권,008560
메리츠화재,000060
메타랩스,090370
명문제약,017180
명신산업,009900
모나리자,012690
모나미,005360
모두투어리츠,204210
모토닉,009680
무림P&P,009580
무림페이퍼,009200
무학,033920
문배철강,008420
미래산업,025560
미래아이앤지,007120
미래에셋글로벌리츠,396690
미래에셋맵스리츠,357250
미래에셋생명,085620
미래에셋증권,006800
미래에셋증권2우B,00680K
미래에셋증권우,006805
미원상사,002840
미원에스씨,268280
미원홀딩스,107590
미원화학,134380
미창석유,003650
바다로19호,155900
방림,003610
백광산업,001340
백산,035150
범양건영,002410
베트남개발1,096300
벽산,007210
보락,002760
보령,003850
보해양조,000890
부광약품,003000
부국증권,001270
부국증권우,001275
부국철강,026940
부산산업,011390
부산주공,005030
비비안,002070
비상교육,100220
비케이탑스,030790
빙그레,005180
사조대림,003960
사조동아원,008040
사조산업,007160
사조씨푸드,014710
사조오양,006090
삼부토건,001470
삼성SDI,006400
삼성SDI우,006405
삼성공조,006660
삼성물산,028260
삼성물산우B,02826K
삼성바이오로직스,207940
삼성생명,032830
삼성에스디에스,018260
삼성엔지니어링,028050
삼성전기,009150
삼성전기우,009155
삼성전자,005930
삼성전자우,005935
삼성제약,001360
삼성중공업,010140
삼성중공우,010145
삼성증권,016360
삼성출판사,068290
삼성카드,029780
삼성화재,000810
삼성화재우,000815
삼아알미늄,006110
삼양사,145990
삼양사우,145995
삼양식품,003230
삼양통상,002170
삼양패키징,272550
삼양홀딩스,000070
삼양홀딩스우,000075
삼영무역,002810
삼영전자,005680
삼영화학,003720
삼원강재,023000
삼익THK,004380
삼익악기,002450
삼일씨엔에스,004440
삼일제약,000520
삼정펄프,009770
삼진제약,005500
삼천리,004690
삼호개발,010960
삼화왕관,004450
삼화전기,009470
삼화전자,011230
삼화콘덴서,001820
삼화페인트,000390
상상인증권,001290
상신브레이크,041650
새론오토모티브,075180
샘표,007540
샘표식품,248170
서연,007860
서연이화,200880
서울가스,017390
서울식품,004410
서울식품우,004415
서원,021050
서흥,008490
선도전기,007610
선진,136490
성문전자,014910
성문전자우,014915
성보화학,003080
성신양회,004980
성신양회우,004985
성안,011300
성창기업지주,000180
세기상사,002420
세방,004360
세방우,004365
세방전지,004490
세아베스틸지주,001430
세아제강,306200
세아제강지주,003030
세아특수강,019440
세아홀딩스,058650
세우글로벌,013000
세원이앤씨,091090
세원정공,021820
세이브존I&C,067830
세종공업,033530
세진중공업,075580
세하,027970
센트랄모텍,308170
센트럴인사이트,012600
셀트리온,068270
솔루스첨단소재,336370
솔루스첨단소재1우,33637K
솔루스첨단소재2우B,33637L
솔루엠,248070
송원산업,004430
수산중공업,017550
스카이라이프,053210
스틱인베스트먼트,026890
시디즈,134790
신대양제지,016590
신도리코,029530
신라교역,004970
신성이엔지,011930
신성통상,005390
신세계,004170
신세계 I&C,035510
신세계건설,034300
신세계인터내셔날,031430
신세계푸드,031440
신송홀딩스,006880
신영와코루,005800
신영증권,001720
신영증권우,001725
신원,009270
신원우,009275
신일전자,002700
신풍제약,019170
신풍제약우,019175
신풍제지,002870
신한서부티엔디리츠,404990
신한알파리츠,293940
신한지주,055550
신흥,004080
쌍방울,102280
쌍용C&E,003410
쌍용차,003620
써니전자,004770
쎌마테라퓨틱스,015540
씨아이테크,004920
씨에스윈드,112610
아남전자,008700
아모레G,002790
아모레G3우(전환),00279K
아모레G우,002795
아모레퍼시픽,090430
아모레퍼시픽우,090435
아세아,002030
아세아시멘트,183190
아세아제지,002310
아센디오,012170
아시아나IDT,267850
아시아나항공,020560
아이마켓코리아,122900
아이에스동서,010780
아주스틸,139990
알루코,001780
애경산업,018250
애경케미칼,161000
에넥스,011090
에스디바이오센서,137310
에스엘,005850
에스엠벡셀,010580
에스원,012750
에쓰씨엔지니어링,023960
에어부산,298690
에이리츠,140910
에이블씨엔씨,078520
에이엔피,015260
에이프로젠 MED,007460
에이프로젠제약,003060
에이플러스에셋,244920
엔씨소프트,036570
엔에이치스팩19호,380440
엔케이,085310
엘브이엠씨홀딩스,900140
엠씨넥스,097520
영보화학,014440
영원무역,111770
영원무역홀딩스,009970
영진약품,003520
영풍,000670
영풍제지,006740
영화금속,012280
영흥,012160
예스코홀딩스,015360
오뚜기,007310
오리엔트바이오,002630
오리온,271560
오리온홀딩스,001800
와이투솔루션,011690
용평리조트,070960
우리금융지주,316140
우리종금,010050
우성,006980
우신시스템,017370
우진,105840
우진아이엔에스,010400
우진플라임,049800
웅진,016880
웅진씽크빅,095720
원림,005820
웰바이오텍,010600
윌비스,008600
유나이티드제약,033270
유니드,014830
유니온,000910
유니온머티리얼,047400
유니켐,011330
유니퀘스트,077500
유성기업,002920
유수홀딩스,000700
유안타증권,003470
유안타증권우,003475
유엔젤,072130
유유제약,000220
유유제약1우,000225
유유제약2우B,000227
유진투자증권,001200
유한양행,000100
유한양행우,000105
유화증권,003460
유화증권우,003465
율촌화학,008730
이건산업,008250
이구산업,025820
이노션,214320
이리츠코크렙,088260
이마트,139480
이수페타시스,007660
이수화학,005950
이스타코,015020
이아이디,093230
이엔플러스,074610
이연제약,102460
이월드,084680
이지스레지던스리츠,350520
이지스밸류리츠,334890
이화산업,000760
인디에프,014990
인바이오젠,101140
인스코비,006490
인지컨트롤스,023800
인천도시가스,034590
인터지스,129260
인팩,023810
일동제약,249420
일동홀딩스,000230
일성건설,013360
일성신약,003120
일신방직,003200
일신석재,007110
일양약품,007570
일양약품우,007575
일정실업,008500
일진다이아,081000
일진디스플,020760
일진머티리얼즈,020150
일진전기,103590
일진하이솔루스,271940
일진홀딩스,015860
잇츠한불,226320
자이에스앤디,317400
자화전자,033240
전방,000950
제이알글로벌리츠,348950
제이에스코퍼레이션,194370
제이준코스메틱,025620
제일기획,030000
제일약품,271980
제일연마,001560
제일파마홀딩스,002620
제주은행,006220
제주항공,089590
조광페인트,004910
조광피혁,004700
조비,001550
조선내화,000480
조선선재,120030
조일알미늄,018470
조흥,002600
종근당,185750
종근당바이오,063160
종근당홀딩스,001630
주연테크,044380
지누스,013890
지엠비코리아,013870
지역난방공사,071320
지투알,035000
진도,088790
진양산업,003780
진양폴리,010640
진양홀딩스,100250
진양화학,051630
진에어,272450
진원생명과학,011000
진흥기업,002780
진흥기업2우B,002787
진흥기업우B,002785
참엔지니어링,009310
천일고속,000650
체시스,033250
초록뱀헬스케어,118000
카카오,035720
카카오뱅크,323410
카카오페이,377300
카프로,006380
컨버즈,109070
케이비아이동국실업,001620
케이씨,029460
케이씨텍,281820
케이카,381970
케이탑리츠,145270
코람코더원리츠,417310
코람코에너지리츠,357120
코리아써우,007815
코리아써키트,007810
코리아써키트2우B,00781K
코리안리,003690
코스맥스,192820
코스맥스비티아이,044820
코스모신소재,005070
코스모화학,005420
코아스,071950
코오롱,002020
코오롱글로벌,003070
코오롱글로벌우,003075
코오롱우,002025
코오롱인더,120110
코오롱인더우,120115
코오롱플라스틱,138490
코웨이,021240
콘텐트리중앙,036420
콤텍시스템,031820
쿠쿠홀딩스,192400
쿠쿠홈시스,284740
큐로,015590
크라운제과,264900
크라운제과우,26490K
크라운해태홀딩스,005740
크라운해태홀딩스우,005745
크래프톤,259960
키다리스튜디오,020120
키움증권,039490
태경비케이,014580
태경산업,015890
태경케미컬,006890
태광산업,003240
태림포장,011280
태양금속,004100
태양금속우,004105
태영건설,009410
태영건설우,009415
태원물산,001420
태평양물산,007980
테이팩스,055490
텔코웨어,078000
토니모리,214420
티에이치엔,019180
티와이홀딩스,363280
티와이홀딩스우,36328K
티웨이항공,091810
티웨이홀딩스,004870
파미셀,005690
팜스코,036580
팜젠사이언스,004720
팬오션,028670
퍼스텍,010820
퍼시스,016800
페이퍼코리아,001020
평화산업,090080
평화홀딩스,010770
포스코스틸리온,058430
포스코인터내셔널,047050
포스코케미칼,003670
풀무원,017810
풍산,103140
풍산홀딩스,005810
프레스티지바이오파마,950210
플레이그램,009810
하나금융지주,086790
하나제약,293480
하나투어,039130
하이브,352820
하이스틸,071090
하이트론,019490
하이트진로,000080
하이트진로2우B,000087
하이트진로홀딩스,000140
하이트진로홀딩스우,000145
한국ANKOR유전,152550
한국가스공사,036460
한국공항,005430
한국금융지주,071050
한국금융지주우,071055
한국내화,010040
한국단자,025540
한국석유,004090
한국수출포장,002200
한국쉘석유,002960
한국앤컴퍼니,000240
한국자산신탁,123890
한국전력,015760
한국전자홀딩스,006200
한국조선해양,009540
한국종합기술,023350
한국주강,025890
한국주철관,000970
한국철강,104700
한국카본,017960
한국콜마,161890
한국콜마홀딩스,024720
한국타이어앤테크놀로지,161390
한국토지신탁,034830
한국특강,007280
한국패러랠,168490
한국프랜지,010100
한국항공우주,047810
한국화장품,123690
한국화장품제조,003350
한농화성,011500
한독,002390
한라,014790
한라홀딩스,060980
한미글로벌,053690
한미반도체,042700
한미사이언스,008930
한미약품,128940
한샘,009240
한섬,020000
한성기업,003680
한세실업,105630
한세엠케이,069640
한세예스24홀딩스,016450
한솔PNS,010420
한솔로지스틱스,009180
한솔제지,213500
한솔케미칼,014680
한솔테크닉스,004710
한솔홀딩스,004150
한솔홈데코,025750
한신공영,004960
한신기계,011700
한양증권,001750
한양증권우,001755
한온시스템,018880
한올바이오파마,009420
한익스프레스,014130
한일시멘트,300720
한일철강,002220
한일현대시멘트,006390
한일홀딩스,003300
한전KPS,051600
한전기술,052690
한전산업,130660
한진,002320
한진중공업홀딩스,003480
한진칼,180640
한진칼우,18064K
한창,005110
한창제지,009460
한컴라이프케어,372910
한화,000880
한화3우B,00088K
한화생명,088350
한화손해보험,000370
한화솔루션,009830
한화솔루션우,009835
한화시스템,272210
한화에어로스페이스,012450
한화우,000885
한화투자증권,003530
한화투자증권우,003535
해성디에스,195870
해태제과식품,101530
핸즈코퍼레이션,143210
현대건설,000720
현대건설기계,267270
현대건설우,000725
현대그린푸드,005440
현대글로비스,086280
현대두산인프라코어,042670
현대로템,064350
현대리바트,079430
현대모비스,012330
현대미포조선,010620
현대백화점,069960
현대비앤지스틸,004560
현대비앤지스틸우,004565
현대약품,004310
현대에너지솔루션,322000
현대엘리베이,017800
현대오토에버,307950
현대위아,011210
현대일렉트릭,267260
현대제철,004020
현대중공업,329180
현대차,005380
현대차2우B,005387
현대차3우B,005389
현대차우,005385
현대차증권,001500
현대코퍼레이션,011760
현대코퍼레이션홀딩스,227840
현대퓨처넷,126560
현대해상,001450
현대홈쇼핑,057050
형지엘리트,093240
혜인,003010
호전실업,111110
호텔신라,008770
호텔신라우,008775
화성산업,002460
화승알앤에이,378850
화승엔터프라이즈,241590
화승인더,006060
화승코퍼레이션,013520
화신,010690
화인베스틸,133820
화천기계,010660
화천기공,000850
환인제약,016580
황금에스티,032560
효성,004800
효성ITX,094280
효성중공업,298040
효성첨단소재,298050
효성티앤씨,298020
효성화학,298000
후성,093370
휠라홀딩스,081660
휴니드,005870
휴비스,079980
휴스틸,005010
흥국화재,000540
흥국화재2우B,000547
흥국화재우,000545
흥아해운,003280
3S,060310
AJ네트웍스,095570
AK홀딩스,006840
APS홀딩스,054620
AP시스템,265520
AP위성,211270
BGF,027410
BGF리테일,282330
BNGT,032790
BNK금융지주,138930
BYC,001460
BYC우,001465
CBI,013720
CJ,001040
CJ CGV,079160
CJ ENM,035760
CJ 바이오사이언스,311690
CJ4우(전환),00104K
CJ대한통운,000120
CJ씨푸드,011150
CJ씨푸드1우,011155
CJ우,001045
CJ제일제당,097950
CJ제일제당 우,097955
CJ프레시웨이,051500
CMG제약,058820
CNH,023460
CNT85,056730
CS,065770
CSA 코스믹,083660
CS홀딩스,000590
DB,012030
DB금융스팩10호,404950
DB금융스팩8호,367340
DB금융스팩9호,367360
DB금융투자,016610
DB손해보험,005830
DB하이텍,000990
DB하이텍1우,000995
DGB금융지주,139130
DI동일,001530
DL,000210
DL건설,001880
DL우,000215
DL이앤씨,375500
DL이앤씨2우(전환),37550L
DL이앤씨우,37550K
DMS,068790
DN오토모티브,007340
DRB동일,004840
DSC인베스트먼트,241520
DSR,155660
DSR제강,069730
E1,017940
EDGC,245620
EG,037370
EMB,278990
ESR켄달스퀘어리츠,365550
ES큐브,050120
EV수성,084180
F&F,383220
F&F홀딩스,007700
FSN,214270
GH신소재,130500
GKL,114090
GRT,900290
GS,078930
GST,083450
GS건설,006360
GS글로벌,001250
GS리테일,007070
GS우,078935
HB솔루션,297890
HB테크놀러지,078150
HDC,012630
HDC랩스,039570
HDC현대EP,089470
HDC현대산업개발,294870
HD현대,267250
HJ중공업,097230
HK이노엔,195940
HLB,028300
HLB글로벌,003580
HLB사이언스,343090
HLB생명과학,067630
HLB제약,047920
HLB테라퓨틱스,115450
HMM,011200
HRS,036640
HSD엔진,082740
IBKS제12호스팩,335870
IBKS제13호스팩,351340
IBKS제16호스팩,388790
IBKS제17호스팩,405350
IHQ,003560
ISC,095340
ITX-AI,099520
JB금융지주,175330
JTC,950170
JW생명과학,234080
JW신약,067290
JW중외제약,001060
JW중외제약2우B,001067
JW중외제약우,001065
JW홀딩스,096760
JYP Ent.,035900
KBG,318000
KBI메탈,024840
KB금융,105560
KB오토시스,024120
KCC,002380
KCC건설,021320
KCC글라스,344820
KCI,036670
KCTC,009070
KC그린홀딩스,009440
KC산업,112190
KC코트렐,119650
KD,044180
KEC,092220
KG ETS,151860
KG모빌리언스,046440
KG스틸,016380
KG스틸우,016385
KG이니시스,035600
KG케미칼,001390
KH 건설,226360
KH 전자,111870
KH 필룩스,033180
KH바텍,060720
KISCO홀딩스,001940
KMH,122450
KMH하이텍,052900
KNN,058400
KPX생명과학,114450
KPX케미칼,025000
KPX홀딩스,092230
KR모터스,000040
KSS해운,044450
KT,030200
KT&G,033780
KTcs,058850
KTis,058860
KT서브마린,060370
LF,093050
LG,003550
LG디스플레이,034220
LG생활건강,051900
LG생활건강우,051905
LG에너지솔루션,373220
LG우,003555
LG유플러스,032640
LG이노텍,011070
LG전자,066570
LG전자우,066575
LG헬로비전,037560
LG화학,051910
LG화학우,051915
LIG넥스원,079550
LS,006260
LS ELECTRIC,010120
LS네트웍스,000680
LS전선아시아,229640
LX세미콘,108320
LX인터내셔널,001120
LX하우시스,108670
LX하우시스우,108675
LX홀딩스,383800
LX홀딩스1우,38380K
MH에탄올,023150
NAVER,035420
NEW,160550
NE능률,053290
NHN,181710
NHN벅스,104200
NHN한국사이버결제,060250
NH올원리츠,400760
NH투자증권,005940
NH투자증권우,005945
NH프라임리츠,338100
NICE,034310
NICE평가정보,030190
NI스틸,008260
NPC,004250
NPC우,004255
OCI,010060
PI첨단소재,178920
PN풍년,024940
POSCO홀딩스,005490
RFHIC,218410
RF머트리얼즈,327260
S&K폴리텍,091340
S-Oil,010950
S-Oil우,010955
SBI인베스트먼트,019550
SBI핀테크솔루션즈,950110
SBS,034120
SBS콘텐츠허브,046140
SBW생명과학,151910
SCI평가정보,036120
SDN,099220
SFA반도체,036540
SG,255220
SG&G,040610
SGA,049470
SGA솔루션즈,184230
SGC에너지,005090
SGC이테크건설,016250
SG글로벌,001380
SG세계물산,004060
SHD,001770
SH에너지화학,002360
SIMPAC,009160
SJM,123700
SJM홀딩스,025530
SK,034730
SK5호스팩,337450
SK6호스팩,340350
SKC,011790
SK가스,018670
SK네트웍스,001740
SK네트웍스우,001745
SK디스커버리,006120
SK디스커버리우,006125
SK디앤디,210980
SK렌터카,068400
SK리츠,395400
SK바이오사이언스,302440
SK바이오팜,326030
SK스퀘어,402340
SK시그넷,260870
SK아이이테크놀로지,361610
SK우,03473K
SK이노베이션,096770
SK이노베이션우,096775
SK증권,001510
SK증권우,001515
SK케미칼,285130
SK케미칼우,28513K
SK텔레콤,017670
SK하이닉스,000660
SM C&C,048550
SM Life Design,063440
SNT모티브,064960
SNT에너지,100840
SNT중공업,003570
SNT홀딩스,036530
SPC삼립,005610
STX,011810
STX엔진,077970
STX중공업,071970
SUN&L,002820
SV인베스트먼트,289080
TBH글로벌,084870
TCC스틸,002710
THE E&M,089230
THE MIDONG,161570
THQ,192410
TJ미디어,032540
TKG애강,022220
TKG휴켐스,069260
TPC,048770
TS인베스트먼트,246690
TS트릴리온,317240
TYM,002900
UCI,038340
WI,073570
WISCOM,024070
YBM넷,057030
YG PLUS,037270
YTN,040300
YW,051390
iMBC,052220
가비아,079940
가온미디어,078890
가온전선,000500
가온칩스,399720
감성코퍼레이션,036620
강남제비스코,000860
강스템바이오텍,217730
강원랜드,035250
강원에너지,114190
갤럭시아머니트리,094480
갤럭시아에스엠,011420
경남스틸,039240
경남제약,053950
경농,002100
경동나비엔,009450
경동도시가스,267290
경동인베스트,012320
경동제약,011040
경방,000050
경보제약,214390
경인양행,012610
경인전자,009140
경창산업,024910
계룡건설,013580
계양전기,012200
계양전기우,012205
고려산업,002140
고려시멘트,198440
고려신용정보,049720
고려아연,010130
고려제강,002240
고려제약,014570
고바이오랩,348150
고영,098460
골드앤에스,035290
골드퍼시픽,038530
골든센츄리,900280
골프존,215000
골프존뉴딘홀딩스,121440
골프존데카,183410
공구우먼,366030
관악산업,076340
광동제약,009290
광림,014200
광명전기,017040
광무,029480
광전자,017900
광주신세계,037710
광진실업,026910
교보10호스팩,355150
교보11호스팩,397880
교보12호스팩,421800
교보9호스팩,331520
교보증권,030610
교촌에프앤비,339770
구영테크,053270
국도화학,007690
국동,005320
국보,001140
국보디자인,066620
국순당,043650
국영지앤엠,006050
국일신동,060480
국일제지,078130
국전약품,307750
국제약품,002720
굿센,243870
그래디언트,035080
그리티,204020
그린케미칼,083420
그린플러스,186230
극동유화,014530
글로벌에스엠,900070
글로벌텍스프리,204620
글로본,019660
금강공업,014280
금강공업우,014285
금강철강,053260
금비,008870
금양,001570
금호건설,002990
금호건설우,002995
금호석유,011780
금호석유우,011785
금호에이치티,214330
금호전기,001210
금호타이어,073240
금화피에스시,036190
기가레인,049080
기산텔레콤,035460
기신정기,092440
기아,000270
기업은행,024110
까뮤이앤씨,013700
까스텔바작,308100
깨끗한나라,004540
깨끗한나라우,004545
나노,187790
나노브릭,286750
나노신소재,121600
나노씨엠에스,247660
나노엔텍,039860
나노캠텍,091970
나눔테크,244880
나라소프트,288490
나라엠앤디,051490
나래나노텍,137080
나무가,190510
나무기술,242040
나스미디어,089600
나우IB,293580
나우코스,257990
나이벡,138610
나이스디앤비,130580
나이스정보통신,036800
나인테크,267320
남광토건,001260
남선알미늄,008350
남선알미우,008355
남성,004270
남양유업,003920
남양유업우,003925
남해화학,025860
남화산업,111710
남화토건,091590
내츄럴엔도텍,168330
네오리진,094860
네오셈,253590
네오오토,212560
네오위즈,095660
네오위즈홀딩스,042420
네오이뮨텍,950220
네오크레마,311390
네오티스,085910
네오팜,092730
네오펙트,290660
네온테크,306620
네이블,153460
네이처셀,007390
네패스,033640
네패스아크,330860
넥센,005720
넥센우,005725
넥센타이어,002350
넥센타이어1우B,002355
넥스턴바이오,089140
넥스트아이,137940
넥스트칩,396270
넥스틴,348210
넥슨게임즈,225570
넵튠,217270
넷마블,251270
노드메이슨,317860
노랑풍선,104620
노루페인트,090350
노루페인트우,090355
노루홀딩스,000320
노루홀딩스우,000325
노바렉스,194700
노바텍,285490
노브메타파마,229500
노블엠앤비,106520
노을,376930
노터스,278650
녹십자,006280
녹십자엠에스,142280
녹십자웰빙,234690
녹십자홀딩스,005250
녹십자홀딩스2우,005257
녹원씨엔아이,065560
농심,004370
농심홀딩스,072710
농우바이오,054050
누리플랜,069140
누리플렉스,040160
누보,332290
뉴로스,126870
뉴보텍,060260
뉴인텍,012340
뉴지랩파마,214870
뉴트리,270870
뉴파워프라즈마,144960
뉴프렉스,085670
다나와,119860
다날,064260
다믈멀티미디어,093640
다보링크,340360
다산네트웍스,039560
다스코,058730
다올인베스트먼트,298870
다올투자증권,030210
다우기술,023590
다우데이타,032190
다원넥스뷰,323350
다원시스,068240
다이나믹디자인,145210
다이오진,271850
대교,019680
대교우B,019685
대구백화점,006370
대덕,008060
대덕1우,00806K
대덕전자,353200
대덕전자1우,35320K
대동,000490
대동고려삼,178600
대동금속,020400
대동기어,008830
대동스틸,048470
대동전자,008110
대륙제관,004780
대림B&Co,005750
대림제지,017650
대림통상,006570
대명소노시즌,007720
대명에너지,389260
대모,317850
대보마그네틱,290670
대봉엘에스,078140
대상,001680
대상우,001685
대상홀딩스,084690
대상홀딩스우,084695
대성미생물,036480
대성산업,128820
대성에너지,117580
대성엘텍,025440
대성창투,027830
대성파인텍,104040
대성홀딩스,016710
대신밸런스제10호스팩,387310
대신밸런스제11호스팩,397500
대신정보통신,020180
대신증권,003540
대신증권2우B,003547
대신증권우,003545
대아티아이,045390
대양금속,009190
대양전기공업,108380
대양제지,006580
대영포장,014160
대우건설,047040
대우부품,009320
대우조선해양,042660
대웅,003090
대웅제약,069620
대원,007680
대원강업,000430
대원미디어,048910
대원산업,005710
대원전선,006340
대원전선우,006345
대원제약,003220
대원화성,024890
대유,290380
대유에이텍,002880
대유에이피,290120
대유플러스,000300
대정화금,120240
대주산업,003310
대주이엔티,114920
대주전자재료,078600
대창,012800
대창단조,015230
대창솔루션,096350
대창스틸,140520
대한과학,131220
대한광통신,010170
대한그린파워,060900
대한뉴팜,054670
대한방직,001070
대한약품,023910
대한유화,006650
대한전선,001440
대한제강,084010
대한제당,001790
대한제당우,001795
대한제분,001130
대한항공,003490
대한항공우,003495
대한해운,005880
대한화섬,003830
대현,016090
대호에이엘,069460
대호특수강,021040
대호특수강우,021045
대화제약,067080
더네이쳐홀딩스,298540
더블유게임즈,192080
더블유에스아이,299170
더존비즈온,012510
더콘텐츠온,302920
덕산네오룩스,213420
덕산테코피아,317330
덕산하이메탈,077360
덕성,004830
덕성우,004835
덕신하우징,090410
덕양산업,024900
덕우전자,263600
데브시스터즈,194480
데이드림엔터,348840
데이타솔루션,263800
데이터스트림즈,199150
덱스터,206560
덴티스,261200
덴티움,145720
도부마스크,227420
도이치모터스,067990
도화엔지니어링,002150
동구바이오제약,006620
동국S&C,100130
동국산업,005160
동국알앤에스,075970
동국제강,001230
동국제약,086450
동남합성,023450
동방,004140
동방선기,099410
동방아그로,007590
동부건설,005960
동부건설우,005965
동서,026960
동성제약,002210
동성케미컬,102260
동성화인텍,033500
동신건설,025950
동아쏘시오홀딩스,000640
동아에스티,170900
동아엘텍,088130
동아지질,028100
동아타이어,282690
동아화성,041930
동양,001520
동양2우B,001527
동양3우B,001529
동양고속,084670
동양생명,082640
동양에스텍,060380
동양우,001525
동양이엔피,079960
동양철관,008970
동양파일,228340
동양피스톤,092780
동우팜투테이블,088910
동운아나텍,094170
동원F&B,049770
동원개발,013120
동원금속,018500
동원산업,006040
동원수산,030720
동원시스템즈,014820
동원시스템즈우,014825
동일고무벨트,163560
동일금속,109860
동일기연,032960
동일산업,004890
동일제강,002690
동일철강,023790
동진쎄미켐,005290
동화기업,025900
동화약품,000020
두산,000150
두산2우B,000157
두산밥캣,241560
두산에너빌리티,034020
두산우,000155
두산테스나,131970
두산퓨얼셀,336260
두산퓨얼셀1우,33626K
두산퓨얼셀2우B,33626L
두올,016740
듀오백,073190
듀켐바이오,176750
드래곤플라이,030350
드림시큐리티,203650
드림씨아이에스,223250
드림어스컴퍼니,060570
드림텍,192650
디딤,217620
디모아,016670
디바이스이엔지,187870
디스플레이텍,066670
디씨엠,024090
디아이,003160
디아이씨,092200
디아이티,110990
디아크,078590
디알젬,263690
디알텍,214680
디앤디플랫폼리츠,377190
디앤씨미디어,263720
디어유,376300
디에스앤엘,141020
디에스케이,109740
디에이테크놀로지,196490
디에이피,066900
디엑스앤브이엑스,180400
디엔에이링크,127120
디엔에프,092070
디오,039840
디와이,013570
디와이디,219550
디와이씨,310870
디와이파워,210540
디와이피엔에프,104460
디이엔티,079810
디젠스,113810
디지아이,043360
디지캡,197140
디지털대성,068930
디지틀조선,033130
디케이락,105740
디케이앤디,263020
디케이티,290550
디티앤씨,187220
디피코,163430
딜리,131180
딥노이드,315640
라닉스,317120
라온시큐어,042510
라온테크,232680
라온피플,300120
라이온켐텍,171120
라이트론,069540
라이프사이언스테크놀로지,285770
라이프시맨틱스,347700
라파스,214260
라피치,403360
락앤락,115390
래몽래인,200350
램테크놀러지,171010
랩지노믹스,084650
러셀,217500
럭스피아,092590
레고켐바이오,141080
레드로버,060300
레드캡투어,038390
레몬,294140
레이,228670
레이언스,228850
레이저쎌,412350
레이크머티리얼즈,281740
레인보우로보틱스,277810
렌딩머신,179720
로보로보,215100
로보스타,090360
로보쓰리,238500
로보티즈,108490
로스웰,900260
로지스몬,223220
로지시스,067730
로체시스템즈,071280
롯데관광개발,032350
롯데렌탈,089860
롯데리츠,330590
롯데손해보험,000400
롯데쇼핑,023530
롯데정밀화학,004000
롯데정보통신,286940
롯데제과,280360
롯데지주,004990
롯데지주우,00499K
롯데칠성,005300
롯데칠성우,005305
롯데케미칼,011170
롯데푸드,002270
롯데하이마트,071840
루멘스,038060
루켄테크놀러지스,162120
루트락,253610
루트로닉,085370
루트로닉3우C,08537M
룽투코리아,060240
리노공업,058470
리노스,039980
리더스 기술투자,019570
리더스코스메틱,016100
리드코프,012700
리메드,302550
리파인,377450
린드먼아시아,277070
링네트,042500
링크제니시스,219420
마니커,027740
마니커에프앤지,195500
마스턴프리미어리츠,357430
마이더스AI,222810
마이크로디지탈,305090
마이크로컨텍솔,098120
마이크로프랜드,147760
마인즈랩,377480
마크로젠,038290
만도,204320
만호제강,001080
매일유업,267980
매일홀딩스,005990
매직마이크로,127160
매커스,093520
맥스트,377030
맥쿼리인프라,088980
맵스리얼티1,094800
머큐리,100590
멀티캠퍼스,067280
메가스터디,072870
메가스터디교육,215200
메가엠디,133750
메드팩토,235980
메디쎄이,200580
메디아나,041920
메디안디노스틱,233250
메디앙스,014100
메디젠휴먼케어,236340
메디콕스,054180
메디톡스,086900
메디포스트,078160
메디프론,065650
메리츠금융지주,138040
메리츠증권,008560
메리츠화재,000060
메이슨캐피탈,021880
메지온,140410
메카로,241770
메타랩스,090370
메타바이오메드,059210
멕아이씨에스,058110
멜파스,096640
명문제약,017180
명성티엔에스,257370
명신산업,009900
명진홀딩스,267060
모나리자,012690
모나미,005360
모다이노칩,080420
모두투어,080160
모두투어리츠,204210
모바일리더,100030
모바일어플라이언스,087260
모베이스,101330
모베이스전자,012860
모비데이즈,363260
모비릭스,348030
모비스,250060
모아데이타,288980
모아텍,033200
모토닉,009680
모트렉스,118990
모헨즈,006920
무림P&P,009580
무림SP,001810
무림페이퍼,009200
무송지오씨,135160
무진메디,322970
무학,033920
문배철강,008420
미디어젠,279600
미래나노텍,095500
미래산업,025560
미래생명자원,218150
미래아이앤지,007120
미래에셋글로벌리츠,396690
미래에셋대우스팩 5호,353490
미래에셋대우스팩3호,328380
미래에셋맵스리츠,357250
미래에셋벤처투자,100790
미래에셋비전스팩1호,412930
미래에셋생명,085620
미래에셋증권,006800
미래에셋증권2우B,00680K
미래에셋증권우,006805
미래엔에듀파트너,208890
미래컴퍼니,049950
미스터블루,207760
미원상사,002840
미원에스씨,268280
미원홀딩스,107590
미원화학,134380
미창석유,003650
미코,059090
미코바이오메드,214610
미투온,201490
미투젠,950190
민앤지,214180
바다로19호,155900
바디텍메드,206640
바른손,018700
바른손이앤에이,035620
바른전자,064520
바이넥스,053030
바이브컴퍼니,301300
바이오니아,064550
바이오다인,314930
바이오로그디바이스,208710
바이오솔루션,086820
바이오스마트,038460
바이오시네틱스,281310
바이오에프디엔씨,251120
바이오인프라생명과학,266470
바이오톡스텍,086040
바이오프로테크,199290
바이오플러스,099430
바이온,032980
바이옵트로,222160
바이젠셀,308080
바텍,043150
박셀바이오,323990
방림,003610
배럴,267790
백광산업,001340
백금T&A,046310
백산,035150
버킷스튜디오,066410
범양건영,002410
범한퓨얼셀,382900
베노홀딩스,206400
베뉴지,019010
베른,322190
베셀,177350
베스파,299910
베트남개발1,096300
벽산,007210
보광산업,225530
보라티알,250000
보락,002760
보령,003850
보로노이,310210
보성파워텍,006910
보해양조,000890
본느,226340
볼빅,206950
부광약품,003000
부국증권,001270
부국증권우,001275
부국철강,026940
부방,014470
부산산업,011390
부산주공,005030
부스타,008470
뷰노,338220
뷰웍스,100120
브랜드엑스코퍼레이션,337930
브레인즈컴퍼니,099390
브리지텍,064480
브릿지바이오테라퓨틱스,288330
브이씨,365900
브이원텍,251630
브이티지엠피,018290
블루베리 NFT,044480
블루콤,033560
블루탑,191600
블리츠웨이,369370
비나텍,126340
비덴트,121800
비디아이,148140
비보존 헬스케어,082800
비비씨,318410
비비안,002070
비상교육,100220
비씨엔씨,146320
비씨월드제약,200780
비아트론,141000
비에이치,090460
비에이치아이,083650
비엔디생활건강,215050
비엘,142760
비엘팜텍,065170
비엘헬스케어,086220
비엠티,086670
비올,335890
비즈니스온,138580
비츠로셀,082920
비츠로시스,054220
비츠로테크,042370
비케이탑스,030790
비케이홀딩스,050090
비투엔,307870
비트나인,357880
비트컴퓨터,032850
비플라이소프트,148780
비피도,238200
빅솔론,093190
빅텍,065450
빅텐츠,210120
빙그레,005180
빛샘전자,072950
뿌리깊은나무들,266170
사람인에이치알,143240
사조대림,003960
사조동아원,008040
사조산업,007160
사조씨푸드,014710
사조오양,006090
삼강엠앤티,100090
삼기,122350
삼륭물산,014970
삼목에스폼,018310
삼보모터스,053700
삼보산업,009620
삼보판지,023600
삼부토건,001470
삼성SDI,006400
삼성SDI우,006405
삼성공조,006660
삼성머스트스팩5호,380320
삼성물산,028260
삼성물산우B,02826K
삼성바이오로직스,207940
삼성생명,032830
삼성스팩4호,377630
삼성스팩6호,425290
삼성에스디에스,018260
삼성엔지니어링,028050
삼성전기,009150
삼성전기우,009155
삼성전자,005930
삼성전자우,005935
삼성제약,001360
삼성중공업,010140
삼성중공우,010145
삼성증권,016360
삼성출판사,068290
삼성카드,029780
삼성화재,000810
삼성화재우,000815
삼아알미늄,006110
삼아제약,009300
삼양사,145990
삼양사우,145995
삼양식품,003230
삼양옵틱스,225190
삼양통상,002170
삼양패키징,272550
삼양홀딩스,000070
삼양홀딩스우,000075
삼영무역,002810
삼영에스앤씨,361670
삼영엠텍,054540
삼영이엔씨,065570
삼영전자,005680
삼영화학,003720
삼원강재,023000
삼익THK,004380
삼익악기,002450
삼일,032280
삼일기업공사,002290
삼일씨엔에스,004440
삼일제약,000520
삼정펄프,009770
삼지전자,037460
삼진,032750
삼진엘앤디,054090
삼진제약,005500
삼천당제약,000250
삼천리,004690
삼천리자전거,024950
삼표시멘트,038500
삼현철강,017480
삼호개발,010960
삼화네트웍스,046390
삼화왕관,004450
삼화전기,009470
삼화전자,011230
삼화콘덴서,001820
삼화페인트,000390
상보,027580
상상인,038540
상상인인더스트리,101000
상상인제3호스팩,415580
상상인증권,001290
상신브레이크,041650
상신이디피,091580
상신전자,263810
상아프론테크,089980
상지카일룸,042940
새로닉스,042600
새론오토모티브,075180
샘씨엔에스,252990
샘표,007540
샘표식품,248170
서남,294630
서린바이오,038070
서부T&D,006730
서산,079650
서암기계공업,100660
서연,007860
서연이화,200880
서연탑메탈,019770
서울가스,017390
서울리거,043710
서울바이오시스,092190
서울반도체,046890
서울식품,004410
서울식품우,004415
서울옥션,063170
서울전자통신,027040
서울제약,018680
서원,021050
서원인텍,093920
서전기전,189860
서진시스템,178320
서진오토모티브,122690
서플러스글로벌,140070
서한,011370
서호전기,065710
서흥,008490
서희건설,035890
석경에이티,357550
선광,003100
선도전기,007610
선바이오,067370
선익시스템,171090
선진,136490
선진뷰티사이언스,086710
성광벤드,014620
성도이엔지,037350
성문전자,014910
성문전자우,014915
성보화학,003080
성신양회,004980
성신양회우,004985
성안,011300
성우전자,081580
성우테크론,045300
성우하이텍,015750
성창기업지주,000180
성창오토텍,080470
성호전자,043260
세경하이테크,148150
세기상사,002420
세동,053060
세림B&G,340440
세명전기,017510
세방,004360
세방우,004365
세방전지,004490
세보엠이씨,011560
세아메카닉스,396300
세아베스틸지주,001430
세아제강,306200
세아제강지주,003030
세아특수강,019440
세아홀딩스,058650
세우글로벌,013000
세운메디칼,100700
세원물산,024830
세원이앤씨,091090
세원정공,021820
세이브존I&C,067830
세종공업,033530
세종메디칼,258830
세종텔레콤,036630
세중,039310
세진중공업,075580
세진티에스,067770
세코닉스,053450
세틀뱅크,234340
세하,027970
세화피앤씨,252500
센코,347000
센트랄모텍,308170
센트럴인사이트,012600
셀레믹스,331920
셀루메드,049180
셀리드,299660
셀리버리,268600
셀바스AI,108860
셀바스헬스케어,208370
셀젠텍,258250
셀트리온,068270
셀트리온제약,068760
셀트리온헬스케어,091990
소니드,060230
소룩스,290690
소리바다,053110
소마젠,950200
소프트센,032680
소프트센우,032685
소프트캠프,258790
손오공,066910
솔고바이오,043100
솔루스첨단소재,336370
솔루스첨단소재1우,33637K
솔루스첨단소재2우B,33637L
솔루에타,154040
솔루엠,248070
솔본,035610
솔브레인,357780
솔브레인홀딩스,036830
솔트룩스,304100
송원산업,004430
쇼박스,086980
수산아이앤티,050960
수산중공업,017550
수젠텍,253840
수프로,185190
슈프리마,236200
슈프리마아이디,317770
슈프리마에이치큐,094840
슈피겐코리아,192440
스마트솔루션즈,136510
스맥,099440
스카이라이프,053210
스카이문스테크놀로지,033790
스카이이앤엠,131100
스코넥,276040
스킨앤스킨,159910
스타플렉스,115570
스템랩,258540
스톤브릿지벤처스,330730
스튜디오드래곤,253450
스튜디오산타클로스,204630
스틱인베스트먼트,026890
스페코,013810
승일,049830
시공테크,020710
시그네틱스,033170
시너지이노베이션,048870
시노펙스,025320
시디즈,134790
시스웍,269620
시큐브,131090
시큐센,232830
시티랩스,139050
신대양제지,016590
신도기연,290520
신도리코,029530
신라교역,004970
신라섬유,001000
신라에스지,025870
신라젠,215600
신성델타테크,065350
신성이엔지,011930
신성통상,005390
신세계,004170
신세계 I&C,035510
신세계건설,034300
신세계인터내셔날,031430
신세계푸드,031440
신송홀딩스,006880
신신제약,002800
신영스팩6호,344050
신영스팩7호,419270
신영와코루,005800
신영증권,001720
신영증권우,001725
신원,009270
신원우,009275
신원종합개발,017000
신일전자,002700
신일제약,012790
신진에스엠,138070
신테카바이오,226330
신풍제약,019170
신풍제약우,019175
신풍제지,002870
신한서부티엔디리츠,404990
신한알파리츠,293940
신한제6호스팩,333050
신한제7호스팩,366330
신한제8호스팩,393360
신한제9호스팩,405640
신한지주,055550
신화인터텍,056700
신화콘텍,187270
신흥,004080
신흥에스이씨,243840
실리콘투,257720
심텍,222800
심텍홀딩스,036710
싸이맥스,160980
싸이버원,356890
싸이토젠,217330
쌍방울,102280
쌍용C&E,003410
쌍용정보통신,010280
쌍용차,003620
써니전자,004770
썬테크,217320
썸에이지,208640
쎄노텍,222420
쎄니트,037760
쎄트렉아이,099320
쎌마테라퓨틱스,015540
쎌바이오텍,049960
쏠리드,050890
씨씨에스,066790
씨아이에스,222080
씨아이테크,004920
씨알푸드,236030
씨앗,103660
씨앤씨인터내셔널,352480
씨앤에스링크,245450
씨앤지하이테크,264660
씨앤투스성진,352700
씨에스베어링,297090
씨에스윈드,112610
씨엔알리서치,359090
씨엔티드림,286000
씨엔플러스,115530
씨유메디칼,115480
씨유테크,376290
씨이랩,189330
씨젠,096530
씨케이에이치,900120
씨큐브,101240
씨티씨바이오,060590
씨티케이,260930
아가방컴퍼니,013990
아나패스,123860
아난티,025980
아남전자,008700
아리온,058220
아모그린텍,125210
아모레G,002790
아모레G3우(전환),00279K
아모레G우,002795
아모레퍼시픽,090430
아모레퍼시픽우,090435
아모센스,357580
아모텍,052710
아미노로직스,074430
아미코젠,092040
아바코,083930
아바텍,149950
아비코전자,036010
아세아,002030
아세아시멘트,183190
아세아제지,002310
아세아텍,050860
아센디오,012170
아셈스,136410
아스타,246720
아스트,067390
아스플로,159010
아시아경제,127710
아시아나IDT,267850
아시아나항공,020560
아시아종묘,154030
아우딘퓨쳐스,227610
아이디스,143160
아이디스홀딩스,054800
아이디피,332370
아이마켓코리아,122900
아이비김영,339950
아이센스,099190
아이스크림에듀,289010
아이쓰리시스템,214430
아이씨디,040910
아이씨케이,068940
아이앤씨,052860
아이에스동서,010780
아이에스이커머스,069920
아이에이,038880
아이엘사이언스,307180
아이엠,101390
아이오케이,078860
아이원스,114810
아이윈,090150
아이윈플러스,123010
아이즈비전,031310
아이진,185490
아이컴포넌트,059100
아이케이세미콘,149010
아이퀘스트,262840
아이큐어,175250
아이크래프트,052460
아이텍,119830
아이톡시,052770
아이티센,124500
아이티아이즈,372800
아이티엠반도체,084850
아이패밀리에스씨,114840
아주IB투자,027360
아주스틸,139990
아즈텍WB,032080
아진산업,013310
아진엑스텍,059120
아톤,158430
아퓨어스,149300
아프리카TV,067160
안국약품,001540
안랩,053800
안지오랩,251280
안트로젠,065660
알로이스,297570
알루코,001780
알리코제약,260660
알비더블유,361570
알서포트,131370
알에스오토메이션,140670
알에프세미,096610
알에프텍,061040
알엔투테크놀로지,148250
알체라,347860
알테오젠,196170
알톤스포츠,123750
알티캐스트,085810
알파홀딩스,117670
압타머사이언스,291650
압타바이오,293780
앙츠,267810
애경산업,018250
애경케미칼,161000
애니젠,196300
애니플러스,310200
애드바이오텍,179530
애머릿지,900100
액션스퀘어,205500
액토즈소프트,052790
액트로,290740
앤디포스,238090
앤씨앤,092600
앱코,129890
앱클론,174900
야스,255440
양지사,030960
어보브반도체,102120
어스앤에어로스페이스,263540
얼라인드,238120
엄지하우스,224810
에너토크,019990
에넥스,011090
에디슨INNO,056090
에브리봇,270660
에스넷,038680
에스디바이오센서,137310
에스디생명공학,217480
에스디시스템,121890
에스맥,097780
에스씨디,042110
에스씨엠생명과학,298060
에스아이리소스,065420
에스알바이오텍,270210
에스앤더블류,103230
에스앤디,260970
에스앤에스텍,101490
에스에너지,095910
에스에스알,275630
에스에이엠티,031330
에스에이티,060540
에스에이티이엔지,351320
에스에프에이,056190
에스엔유,080000
에스엔피제네틱스,086460
에스엘,005850
에스엘바이오닉스,214310
에스엘에스바이오,246250
에스엠,041510
에스엠벡셀,010580
에스엠비나,299670
에스엠코어,007820
에스와이,109610
에스원,012750
에스제이그룹,306040
에스제이켐,217910
에스케이씨에스,224020
에스케이증권7호스팩,408920
에스코넥,096630
에스텍,069510
에스텍파마,041910
에스트래픽,234300
에스티아이,039440
에스티오,098660
에스티큐브,052020
에스티팜,237690
에스폴리텍,050760
에스퓨얼셀,288620
에스피시스템스,317830
에스피지,058610
에쎈테크,043340
에쓰씨엔지니어링,023960
에어부산,298690
에이디엠코리아,187660
에이디칩스,054630
에이디테크놀로지,200710
에이루트,096690
에이리츠,140910
에이블씨엔씨,078520
에이비엘바이오,298380
에이비온,203400
에이비프로바이오,195990
에이스침대,003800
에이스테크,088800
에이스토리,241840
에이에프더블류,312610
에이엔피,015260
에이원알폼,234070
에이치시티,072990
에이치앤비디자인,227100
에이치엔에스하이텍,044990
에이치엘사이언스,239610
에이치엠씨제4호스팩,353070
에이치엠씨제5호스팩,353060
에이치케이,044780
에이치피오,357230
에이테크솔루션,071670
에이텍,045660
에이텍티앤,224110
에이트원,230980
에이티넘인베스트,021080
에이티세미콘,089530
에이팩트,200470
에이펙스인텍,207490
에이프로,262260
에이프로젠 H&G,109960
에이프로젠 MED,007460
에이프로젠제약,003060
에이플러스에셋,244920
에이피티씨,089970
에치에프알,230240
에코마케팅,230360
에코바이오,038870
에코캡,128540
에코프로,086520
에코프로비엠,247540
에코프로에이치엔,383310
에코플라스틱,038110
에프알텍,073540
에프앤가이드,064850
에프앤리퍼블릭,064090
에프에스티,036810
에프엔씨엔터,173940
에프엔에스테크,083500
엑사이엔씨,054940
엑세스바이오,950130
엑셈,205100
엑스큐어,070300
엑시콘,092870
엔바이오니아,317870
엔브이에이치코리아,067570
엔비티,236810
엔솔바이오사이언스,140610
엔시스,333620
엔시트론,101400
엔씨소프트,036570
엔에스,217820
엔에스엔,031860
엔에스엠,238170
엔에스컴퍼니,224760
엔에이치스팩19호,380440
엔에이치스팩20호,391060
엔에이치스팩21호,391710
엔에이치스팩22호,396770
엔에이치스팩23호,422040
엔에프씨,265740
엔젠바이오,354200
엔지브이아이,093510
엔지스테크널러지,208860
엔지켐생명과학,183490
엔케이,085310
엔케이맥스,182400
엔켐,348370
엔텔스,069410
엔투텍,227950
엔피,291230
엔피디,198080
엔피케이,048830
엘디티,096870
엘리비젼,276240
엘브이엠씨홀딩스,900140
엘비루셈,376190
엘비세미콘,061970
엘아이에스,138690
엘앤씨바이오,290650
엘앤에프,066970
엘앤케이바이오,156100
엘에이티,311060
엘엠에스,073110
엘오티베큠,083310
엘컴텍,037950
엘티씨,170920
엠게임,058630
엠로,058970
엠벤처투자,019590
엠브레인,169330
엠씨넥스,097520
엠아이텍,179290
엠에스씨,009780
엠에스오토텍,123040
엠에프엠코리아,323230
엠케이전자,033160
엠투아이,347890
엠투엔,033310
엠플러스,259630
엠피대산,065150
연우,115960
연이비앤티,090740
영림원소프트랩,060850
영보화학,014440
영신금속,007530
영우디에스피,143540
영원무역,111770
영원무역홀딩스,009970
영진약품,003520
영풍,000670
영풍정밀,036560
영풍제지,006740
영화금속,012280
영화테크,265560
영흥,012160
예림당,036000
예선테크,250930
예스24,053280
예스코홀딩스,015360
예스티,122640
오가닉티코스메틱,900300
오공,045060
오디텍,080520
오뚜기,007310
오로라,039830
오로스테크놀로지,322310
오르비텍,046120
오리엔탈정공,014940
오리엔트바이오,002630
오리엔트정공,065500
오리온,271560
오리온홀딩스,001800
오리콤,010470
오비고,352910
오상자이엘,053980
오성첨단소재,052420
오션브릿지,241790
오션스톤,329020
오스코텍,039200
오스테오닉,226400
오스템,031510
오스템임플란트,048260
오이솔루션,138080
오킨스전자,080580
오텍,067170
오토앤,353590
오파스넷,173130
오픈베이스,049480
오하임아이엔티,309930
올리패스,244460
올릭스,226950
옴니시스템,057540
옵투스제약,131030
옵트론텍,082210
옵티시스,109080
옵티팜,153710
와이더플래닛,321820
와이솔,122990
와이아이케이,232140
와이어블,065530
와이엔텍,067900
와이엠씨,155650
와이엠텍,273640
와이엠티,251370
와이오엠,066430
와이제이엠게임즈,193250
와이즈버즈,273060
와이지-원,019210
와이지엔터테인먼트,122870
와이투솔루션,011690
와이팜,332570
와토스코리아,079000
용평리조트,070960
우리금융지주,316140
우리기술,032820
우리기술투자,041190
우리넷,115440
우리로,046970
우리바이오,082850
우리산업,215360
우리산업홀딩스,072470
우리손에프앤지,073560
우리엔터프라이즈,037400
우리이앤엘,153490
우리종금,010050
우림피티에스,101170
우성,006980
우수AMS,066590
우신시스템,017370
우양,103840
우원개발,046940
우정바이오,215380
우주일렉트로,065680
우진,105840
우진비앤지,018620
우진아이엔에스,010400
우진플라임,049800
웅진,016880
웅진씽크빅,095720
원림,005820
원바이오젠,307280
원방테크,053080
원익,032940
원익IPS,240810
원익QnC,074600
원익머트리얼즈,104830
원익큐브,014190
원익피앤이,131390
원익홀딩스,030530
원일특강,012620
원준,382840
원텍,336570
원티드랩,376980
원포유,122830
원풍,008370
원풍물산,008290
월덱스,101160
웨이버스,336060
웨이브일렉트로,095270
웰바이오텍,010600
웰크론,065950
웰크론한텍,076080
웹스,196700
웹젠,069080
웹케시,053580
위니아,071460
위니아에이드,377460
위닉스,044340
위더스제약,330350
위드텍,348350
위메이드,112040
위메이드맥스,101730
위메이드플레이,123420
위세아이텍,065370
위월드,140660
위즈코프,038620
위지윅스튜디오,299900
위지트,036090
윈스,136540
윈텍,320000
윈팩,097800
윈하이텍,192390
윌링스,313760
윌비스,008600
윙입푸드,900340
유나이티드제약,033270
유네코,064510
유니드,014830
유니셈,036200
유니슨,018000
유니온,000910
유니온머티리얼,047400
유니온커뮤니티,203450
유니켐,011330
유니퀘스트,077500
유니크,011320
유니테스트,086390
유니테크노,241690
유니트론텍,142210
유니포인트,121060
유라테크,048430
유바이오로직스,206650
유비벨록스,089850
유비온,084440
유비케어,032620
유비쿼스,264450
유비쿼스홀딩스,078070
유성기업,002920
유성티엔에스,024800
유수홀딩스,000700
유신,054930
유아이디,069330
유아이엘,049520
유안타제7호스팩,367460
유안타제8호스팩,367480
유안타증권,003470
유안타증권우,003475
유에스티,263770
유엑스엔,337840
유엔젤,072130
유유제약,000220
유유제약1우,000225
유유제약2우B,000227
유일로보틱스,388720
유일에너테크,340930
유진기업,023410
유진로봇,056080
유진스팩6호,373340
유진스팩7호,388800
유진스팩8호,413630
유진테크,084370
유진투자증권,001200
유테크,178780
유투바이오,221800
유티아이,179900
유틸렉스,263050
유한양행,000100
유한양행우,000105
유화증권,003460
유화증권우,003465
육일씨엔에쓰,191410
율촌화학,008730
율호,072770
이건산업,008250
이건홀딩스,039020
이구산업,025820
이글루,067920
이글벳,044960
이노뎁,303530
이노메트리,302430
이노벡스,279060
이노션,214320
이노와이어리스,073490
이노인스트루먼트,215790
이노진,344860
이노테라피,246960
이녹스,088390
이녹스첨단소재,272290
이니텍,053350
이라이콤,041520
이랜시스,264850
이랜텍,054210
이루다,164060
이루온,065440
이리츠코크렙,088260
이마트,139480
이미지스,115610
이베스트스팩5호,349720
이베스트투자증권,078020
이브이첨단소재,131400
이비테크,208850
이삭엔지니어링,351330
이상네트웍스,080010
이성씨엔아이,379390
이수앱지스,086890
이수페타시스,007660
이수화학,005950
이스타코,015020
이스트소프트,047560
이스트아시아홀딩스,900110
이씨에스,067010
이아이디,093230
이앤에치,341310
이엔드디,101360
이엔에프테크놀로지,102710
이엔코퍼레이션,066980
이엔플러스,074610
이엘피,063760
이엠넷,123570
이엠앤아이,083470
이엠코리아,095190
이엠텍,091120
이엠티,232530
이연제약,102460
이오테크닉스,039030
이오플로우,294090
이원컴포텍,088290
이월드,084680
이즈미디어,181340
이지바이오,353810
이지스레지던스리츠,350520
이지스밸류리츠,334890
이지케어텍,099750
이지트로닉스,377330
이지홀딩스,035810
이큐셀,160600
이크레더블,092130
이트론,096040
이퓨쳐,134060
이화공영,001840
이화산업,000760
이화전기,024810
인디에프,014990
인바디,041830
인바이오,352940
인바이오젠,101140
인바이츠바이오코아,216400
인베니아,079950
인산가,277410
인선이엔티,060150
인성정보,033230
인스코비,006490
인지디스플레,037330
인지컨트롤스,023800
인천도시가스,034590
인카금융서비스,211050
인콘,083640
인크로스,216050
인탑스,049070
인터로조,119610
인터엠,017250
인터지스,129260
인터플렉스,051370
인텍플러스,064290
인텔리안테크,189300
인트로메딕,150840
인트론바이오,048530
인팩,023810
인포마크,175140
인포바인,115310
인포뱅크,039290
인피니트헬스케어,071200
인화정공,101930
일동제약,249420
일동홀딩스,000230
일성건설,013360
일성신약,003120
일승,333430
일신바이오,068330
일신방직,003200
일신석재,007110
일야,058450
일양약품,007570
일양약품우,007575
일정실업,008500
일지테크,019540
일진다이아,081000
일진디스플,020760
일진머티리얼즈,020150
일진전기,103590
일진파워,094820
일진하이솔루스,271940
일진홀딩스,015860
잇츠한불,226320
잉글우드랩,950140
잉크테크,049550
자비스,254120
자연과환경,043910
자이글,234920
자이언트스텝,289220
자이에스앤디,317400
자화전자,033240
장원테크,174880
재영솔루텍,049630
전방,000950
전진바이오팜,110020
정다운,208140
정상제이엘에스,040420
정원엔시스,045510
제너셈,217190
제넥신,095700
제넨바이오,072520
제노레이,122310
제노코,361390
제노텍,066830
제노포커스,187420
제놀루션,225220
제닉,123330
제로투세븐,159580
제룡산업,147830
제룡전기,033100
제우스,079370
제이브이엠,054950
제이스코홀딩스,023440
제이스텍,090470
제이시스메디칼,287410
제이씨케미칼,137950
제이씨현시스템,033320
제이알글로벌리츠,348950
제이앤티씨,204270
제이에스코퍼레이션,194370
제이에스티나,026040
제이엔케이히터,126880
제이엘케이,322510
제이엠멀티,254160
제이엠아이,033050
제이엠티,094970
제이웨이,058420
제이준코스메틱,025620
제이티,089790
제일기획,030000
제일바이오,052670
제일약품,271980
제일연마,001560
제일전기공업,199820
제일테크노스,038010
제일파마홀딩스,002620
제주맥주,276730
제주반도체,080220
제주은행,006220
제주항공,089590
제테마,216080
젠큐릭스,229000
젬,248020
젬백스,082270
젬백스링크,064800
조광ILI,044060
조광페인트,004910
조광피혁,004700
조비,001550
조선내화,000480
조선선재,120030
조아제약,034940
조이시티,067000
조일알미늄,018470
조흥,002600
종근당,185750
종근당바이오,063160
종근당홀딩스,001630
좋은사람들,033340
주성엔지니어링,036930
주연테크,044380
줌인터넷,239340
중앙디앤엠,051980
중앙백신,072020
중앙에너비스,000440
지나인제약,078650
지노믹트리,228760
지놈앤컴퍼니,314130
지누스,013890
지니너스,389030
지니뮤직,043610
지니언스,263860
지니틱스,303030
지더블유바이텍,036180
지란지교시큐리티,208350
지씨셀,144510
지아이텍,382480
지앤비에스엔지니어링,382800
지앤이헬스케어,299480
지어소프트,051160
지에스이,053050
지엔씨에너지,119850
지엔원에너지,270520
지엔코,065060
지엘팜텍,204840
지엠비코리아,013870
지역난방공사,071320
지오엘리먼트,311320
지투알,035000
지투파워,388050
지티지웰니스,219750
진도,088790
진로발효,018120
진매트릭스,109820
진바이오텍,086060
진성티이씨,036890
진시스템,363250
진양산업,003780
진양제약,007370
진양폴리,010640
진양홀딩스,100250
진양화학,051630
진에어,272450
진원생명과학,011000
진코스텍,250030
진흥기업,002780
진흥기업2우B,002787
진흥기업우B,002785
질경이,233990
차바이오텍,085660
차백신연구소,261780
참엔지니어링,009310
참존글로벌,158310
참좋은여행,094850
창해에탄올,004650
천보,278280
천일고속,000650
청광건설,140290
청담글로벌,362320
체리부로,066360
체시스,033250
초록뱀미디어,047820
초록뱀컴퍼니,052300
초록뱀헬스케어,118000
칩스앤미디어,094360
카스,016920
카이노스메드,284620
카카오,035720
카카오게임즈,293490
카카오뱅크,323410
카카오페이,377300
카페24,042000
카프로,006380
캐리소프트,317530
캐스텍코리아,071850
캠시스,050110
커머스마이너,223310
컨버즈,109070
컬러레이,900310
컴투스,078340
컴투스홀딩스,063080
컴퍼니케이,307930
케스피온,079190
케어랩스,263700
케어젠,214370
케이디켐,221980
케이비아이동국실업,001620
케이비제20호스팩,342550
케이비제21호스팩,424140
케이사인,192250
케이씨,029460
케이씨에스,115500
케이씨텍,281820
케이씨티,089150
케이씨피드,025880
케이아이엔엑스,093320
케이에스피,073010
케이엔더블유,105330
케이엔제이,272110
케이엘넷,039420
케이엠,083550
케이엠더블유,032500
케이엠제약,225430
케이옥션,102370
케이카,381970
케이탑리츠,145270
케이티알파,036030
케이프,064820
케이프이에스제4호,347140
케이피에스,256940
케이피에프,024880
케이피엠테크,042040
케이피티유,054410
케일럼,258610
켄코아에어로스페이스,274090
켈스,402420
켐온,217600
켐트로닉스,089010
켐트로스,220260
코나솔,176590
코나아이,052400
코난테크놀로지,402030
코다코,046070
코데즈컴바인,047770
코드네이처,078940
코디,080530
코디엠,224060
코람코더원리츠,417310
코람코에너지리츠,357120
코렌텍,104540
코리아나,027050
코리아센터,290510
코리아써우,007815
코리아써키트,007810
코리아써키트2우B,00781K
코리아에셋투자증권,190650
코리아에스이,101670
코리아에프티,123410
코리안리,003690
코맥스,036690
코메론,049430
코미코,183300
코미팜,041960
코세스,089890
코센,009730
코셋,189350
코스나인,082660
코스맥스,192820
코스맥스비티아이,044820
코스맥스엔비티,222040
코스메카코리아,241710
코스모신소재,005070
코스모화학,005420
코스온,069110
코스텍시스템,169670
코아스,071950
코아스템,166480
코아시아,045970
코아시아옵틱스,196450
코엔텍,029960
코오롱,002020
코오롱글로벌,003070
코오롱글로벌우,003075
코오롱생명과학,102940
코오롱우,002025
코오롱인더,120110
코오롱인더우,120115
코오롱티슈진,950160
코오롱플라스틱,138490
코원플레이,056000
코웨이,021240
코웰패션,033290
코위버,056360
코윈테크,282880
코이즈,121850
코콤,015710
코텍,052330
코퍼스코리아,322780
코프라,126600
콘텐트리중앙,036420
콜마비앤에이치,200130
콤텍시스템,031820
쿠콘,294570
쿠쿠홀딩스,192400
쿠쿠홈시스,284740
퀀타매트릭스,317690
큐라클,365270
큐렉소,060280
큐로,015590
큐로컴,040350
큐로홀딩스,051780
큐리언트,115180
큐브엔터,182360
큐에스아이,066310
큐엠씨,136660
큐캐피탈,016600
크라운제과,264900
크라운제과우,26490K
크라운해태홀딩스,005740
크라운해태홀딩스우,005745
크래프톤,259960
크레버스,096240
크로넥스,215570
크로바하이텍,043590
크루셜텍,114120
크리스에프앤씨,110790
크리스탈신소재,900250
크리스탈지노믹스,083790
크린앤사이언스,045520
클라우드에어,036170
클래시스,214150
클리노믹스,352770
클리오,237880
키네마스터,139670
키다리스튜디오,020120
키움제6호스팩,413600
키움증권,039490
키이스트,054780
타스컴,336040
타이거일렉,219130
타임기술,318660
탑선,180060
탑엔지니어링,065130
탑코미디어,134580
태경비케이,014580
태경산업,015890
태경케미컬,006890
태광,023160
태광산업,003240
태림포장,011280
태성,323280
태양,053620
태양금속,004100
태양금속우,004105
태양기계,116100
태영건설,009410
태영건설우,009415
태웅,044490
태웅로직스,124560
태원물산,001420
태평양물산,007980
테고사이언스,191420
테라사이언스,073640
테라셈,182690
테라젠이텍스,066700
테스,095610
테이팩스,055490
테크엔,308700
테크윙,089030
테크트랜스,258050
텔레칩스,054450
텔레필드,091440
텔코웨어,078000
텔콘RF제약,200230
토니모리,214420
토마토시스템,393210
토박스코리아,215480
토비스,051360
토탈소프트,045340
톱텍,108230
투비소프트,079970
툴젠,199800
트루윈,105550
트윔,290090
특수건설,026150
티라유텍,322180
티로보틱스,117730
티비씨,033830
티사이언티픽,057680
티씨케이,064760
티앤알바이오팹,246710
티앤엘,340570
티에스넥스젠,043220
티에스아이,277880
티에스이,131290
티에이치엔,019180
티엘비,356860
티엘아이,062860
티와이홀딩스,363280
티와이홀딩스우,36328K
티움바이오,321550
티웨이항공,091810
티웨이홀딩스,004870
티케이케미칼,104480
티플랙스,081150
티피씨글로벌,130740
틸론,217880
팅크웨어,084730
파나진,046210
파나케이아,058530
파라다이스,034230
파라텍,033540
파루,043200
파마리서치,214450
파마리서치바이오,217950
파멥신,208340
파미셀,005690
파버나인,177830
파세코,037070
파수,150900
파워넷,037030
파워로직스,047310
파워풀엑스,266870
파이버프로,368770
파이오링크,170790
파인디앤씨,049120
파인디지털,038950
파인테크닉스,106240
파인텍,131760
파커스,065690
파크시스템스,140860
파트론,091700
판도라티비,202960
판타지오,032800
팜스빌,318010
팜스코,036580
팜스토리,027710
팜젠사이언스,004720
패션플랫폼,225590
팬스타엔터프라이즈,054300
팬엔터테인먼트,068050
팬오션,028670
팬젠,222110
퍼스텍,010820
퍼시스,016800
펄어비스,263750
펌텍코리아,251970
페이퍼코리아,001020
펨토바이오메드,327610
펩트론,087010
평화산업,090080
평화홀딩스,010770
포메탈,119500
포바이포,389140
포스코 ICT,022100
포스코스틸리온,058430
포스코엠텍,009520
포스코인터내셔널,047050
포스코케미칼,003670
포시에스,189690
포인트모바일,318020
포인트엔지니어링,256630
포커스에이치엔에스,331380
폴라리스세원,234100
폴라리스오피스,041020
폴라리스우노,114630
푸드나무,290720
푸드웰,005670
푸른기술,094940
푸른저축은행,007330
풀무원,017810
풍강,093380
풍국주정,023900
풍산,103140
풍산홀딩스,005810
풍원정밀,371950
퓨런티어,370090
퓨쳐켐,220100
프럼파스트,035200
프레스티지바이오로직스,334970
프레스티지바이오파마,950210
프로스테믹스,203690
프로이천,321260
프로테옴텍,303360
프로텍,053610
프롬바이오,377220
프리시젼바이오,335810
프리엠스,053160
플래스크,041590
플래티어,367000
플랜티넷,075130
플럼라인생명과학,222670
플레이그램,009810
플레이디,237820
플레이위드,023770
플리토,300080
피노텍,150440
피델릭스,032580
피씨디렉트,051380
피씨엘,241820
피앤씨테크,237750
피에스엠씨,024850
피에스케이,319660
피에스케이홀딩스,031980
피에스텍,002230
피에이치씨,057880
피에이치에이,043370
피엔아이컴퍼니,242350
피엔에이치테크,239890
피엔케이피부임상연구센타,347740
피엔티,137400
피제이메탈,128660
피제이전자,006140
피코그램,376180
피플바이오,304840
피피아이,062970
픽셀플러스,087600
필옵틱스,161580
핌스,347770
핑거,163730
하나금융14호스팩,332710
하나금융15호스팩,341160
하나금융16호스팩,343510
하나금융19호스팩,388220
하나금융20호스팩,400560
하나금융21호스팩,406760
하나금융22호스팩,418170
하나금융지주,086790
하나기술,299030
하나마이크론,067310
하나머스트7호스팩,372290
하나머티리얼즈,166090
하나제약,293480
하나투어,039130
하림,136480
하림지주,003380
하이딥,365590
하이로닉,149980
하이록코리아,013030
하이브,352820
하이비젼시스템,126700
하이소닉,106080
하이스틸,071090
하이제5호스팩,340120
하이제6호스팩,377400
하이제7호스팩,400840
하이즈항공,221840
하이텍팜,106190
하이트론,019490
하이트진로,000080
하이트진로2우B,000087
하이트진로홀딩스,000140
하이트진로홀딩스우,000145
하인크코리아,373200
하츠,066130
한국ANKOR유전,152550
한국가구,004590
한국가스공사,036460
한국경제TV,039340
한국공항,005430
한국금융지주,071050
한국금융지주우,071055
한국기업평가,034950
한국내화,010040
한국단자,025540
한국맥널티,222980
한국미라클피플사,331660
한국비엔씨,256840
한국석유,004090
한국선재,025550
한국수출포장,002200
한국쉘석유,002960
한국알콜,017890
한국앤컴퍼니,000240
한국유니온제약,080720
한국자산신탁,123890
한국전력,015760
한국전자금융,063570
한국전자인증,041460
한국전자홀딩스,006200
한국정밀기계,101680
한국정보공학,039740
한국정보인증,053300
한국정보통신,025770
한국제10호스팩,409570
한국조선해양,009540
한국종합기술,023350
한국주강,025890
한국주철관,000970
한국철강,104700
한국카본,017960
한국캐피탈,023760
한국컴퓨터,054040
한국코퍼레이션,050540
한국콜마,161890
한국콜마홀딩스,024720
한국큐빅,021650
한국타이어앤테크놀로지,161390
한국테크놀로지,053590
한국토지신탁,034830
한국특강,007280
한국파마,032300
한국패러랠,168490
한국팩키지,037230
한국프랜지,010100
한국항공우주,047810
한국화장품,123690
한국화장품제조,003350
한글과컴퓨터,030520
한네트,052600
한농화성,011500
한독,002390
한독크린텍,256150
한라,014790
한라IMS,092460
한라홀딩스,060980
한미글로벌,053690
한미반도체,042700
한미사이언스,008930
한미약품,128940
한빛소프트,047080
한샘,009240
한섬,020000
한성기업,003680
한세실업,105630
한세엠케이,069640
한세예스24홀딩스,016450
한솔PNS,010420
한솔로지스틱스,009180
한솔인티큐브,070590
한솔제지,213500
한솔케미칼,014680
한솔테크닉스,004710
한솔홀딩스,004150
한솔홈데코,025750
한송네오텍,226440
한스바이오메드,042520
한신공영,004960
한신기계,011700
한양디지텍,078350
한양이엔지,045100
한양증권,001750
한양증권우,001755
한온시스템,018880
한올바이오파마,009420
한익스프레스,014130
한일네트웍스,046110
한일단조,024740
한일사료,005860
한일시멘트,300720
한일진공,123840
한일철강,002220
한일현대시멘트,006390
한일홀딩스,003300
한일화학,007770
한전KPS,051600
한전기술,052690
한전산업,130660
한중엔시에스,107640
한진,002320
한진중공업홀딩스,003480
한진칼,180640
한진칼우,18064K
한창,005110
한창바이오텍,043090
한창산업,079170
한창제지,009460
한컴MDS,086960
한컴라이프케어,372910
한컴위드,054920
한탑,002680
한화,000880
한화3우B,00088K
한화생명,088350
한화손해보험,000370
한화솔루션,009830
한화솔루션우,009835
한화시스템,272210
한화에어로스페이스,012450
한화우,000885
한화투자증권,003530
한화투자증권우,003535
한화플러스제2호스팩,386580
해성디에스,195870
해성산업,034810
해성산업1우,03481K
해성옵틱스,076610
해성티피씨,059270
해태제과식품,101530
핸디소프트,220180
핸즈코퍼레이션,143210
헝셩그룹,900270
헬릭스미스,084990
현대건설,000720
현대건설기계,267270
현대건설우,000725
현대공업,170030
현대그린푸드,005440
현대글로비스,086280
현대두산인프라코어,042670
현대로템,064350
현대리바트,079430
현대모비스,012330
현대무벡스,319400
현대미포조선,010620
현대바이오,048410
현대바이오랜드,052260
현대백화점,069960
현대비앤지스틸,004560
현대비앤지스틸우,004565
현대사료,016790
현대약품,004310
현대에너지솔루션,322000
현대에버다임,041440
현대에이치티,039010
현대엘리베이,017800
현대오토에버,307950
현대위아,011210
현대이지웰,090850
현대일렉트릭,267260
현대제철,004020
현대중공업,329180
현대차,005380
현대차2우B,005387
현대차3우B,005389
현대차우,005385
현대차증권,001500
현대코퍼레이션,011760
현대코퍼레이션홀딩스,227840
현대퓨처넷,126560
현대해상,001450
현대홈쇼핑,057050
현우산업,092300
협진,138360
형지I&C,011080
형지엘리트,093240
혜인,003010
호전실업,111110
호텔신라,008770
호텔신라우,008775
홈센타홀딩스,060560
홈캐스트,064240
화성밸브,039610
화성산업,002460
화승알앤에이,378850
화승엔터프라이즈,241590
화승인더,006060
화승코퍼레이션,013520
화신,010690
화신정공,126640
화인베스틸,133820
화일약품,061250
화천기계,010660
화천기공,000850
환인제약,016580
황금에스티,032560
효성,004800
효성ITX,094280
효성오앤비,097870
효성중공업,298040
효성첨단소재,298050
효성티앤씨,298020
효성화학,298000
후성,093370
휠라홀딩스,081660
휴네시온,290270
휴니드,005870
휴럼,353190
휴림로봇,090710
휴마시스,205470
휴맥스,115160
휴맥스홀딩스,028080
휴먼엔,032860
휴메딕스,200670
휴벡셀,212310
휴비스,079980
휴비츠,065510
휴센텍,215090
휴스틸,005010
휴엠앤씨,263920
휴온스,243070
휴온스글로벌,084110
휴젤,145020
흥구석유,024060
흥국,010240
흥국에프엔비,189980
흥국화재,000540
흥국화재2우B,000547
흥국화재우,000545
흥아해운,003280
희림,037440
힘스,238490
